ticker,entry_date,entry_price,exit_date,exit_price,shares,pnl_pct,pnl_dollar,holding_days,exit_reason
ANET,2015-03-17,4.6,2015-03-20,4.49,42867,-2.38,-4688.58,3,下穿68
NVDA,2015-03-20,0.57,2015-03-23,0.55,340774,-3.24,-6237.85,3,下穿68
BMY,2015-03-12,46.26,2015-03-24,45.6,4323,-1.44,-2880.49,12,下穿68
BBY,2015-03-12,27.33,2015-03-25,26.86,7316,-1.75,-3505.58,13,下穿68
IBKR,2015-03-17,7.94,2015-03-25,7.62,25368,-3.99,-8025.81,8,下穿68
COHR,2015-03-17,18.29,2015-03-25,17.68,11009,-3.34,-6715.5,8,下穿68
EME,2015-03-23,44.57,2015-03-27,43.51,4181,-2.4,-4463.96,4,下穿68
VLO,2015-03-25,41.64,2015-03-27,40.39,4618,-2.99,-5758.83,2,下穿68
DRI,2015-03-24,45.31,2015-04-01,43.84,4351,-3.24,-6389.15,8,下穿68
FIX,2015-03-26,18.85,2015-04-06,18.86,10181,0.05,94.57,11,下穿68
HUM,2015-03-30,166.39,2015-04-06,163.71,1161,-1.61,-3113.4,7,下穿68
AES,2015-04-06,8.84,2015-04-09,8.66,21769,-2.1,-4044.28,3,下穿68
ROL,2015-03-27,9.44,2015-04-13,9.58,20246,1.43,2727.94,17,下穿68
CAG,2015-03-30,19.45,2015-04-17,19.66,9476,1.08,1997.47,18,下穿68
FICO,2015-04-01,90.32,2015-04-21,92.01,2112,1.87,3563.79,20,下穿68
EOG,2015-04-06,68.87,2015-04-24,70.34,2752,2.13,4039.5,18,下穿68
WDC,2015-04-20,64.56,2015-04-27,62.86,2937,-2.64,-5002.74,7,下穿68
TPL,2015-04-09,14.96,2015-04-28,14.79,12603,-1.13,-2138.45,19,下穿68
REGN,2015-04-24,476.87,2015-04-28,463.21,405,-2.86,-5531.4,4,下穿68
BLDR,2015-04-13,11.57,2015-05-01,12.91,16467,11.58,22065.78,18,下穿68
TSLA,2015-04-22,14.63,2015-05-01,15.07,13286,3.0,5837.0,9,下穿68
HAL,2015-04-27,39.19,2015-05-05,38.88,4721,-0.81,-1490.13,8,下穿68
DOV,2015-04-28,50.46,2015-05-05,50.11,3532,-0.69,-1223.81,7,下穿68
CSX,2015-05-01,10.53,2015-05-05,9.96,18469,-5.47,-10644.35,4,下穿68
YUM,2015-05-01,53.97,2015-05-08,52.78,3604,-2.2,-4275.05,7,下穿68
EQIX,2015-05-08,207.29,2015-05-12,200.61,917,-3.22,-6122.6,4,下穿68
FTNT,2015-04-28,7.71,2015-05-13,7.69,25385,-0.31,-609.23,15,下穿68
MLM,2015-05-07,138.31,2015-05-22,139.89,1379,1.14,2178.7,15,下穿68
FIX,2015-05-07,20.15,2015-05-26,20.68,9263,2.63,4913.23,19,下穿68
URI,2015-05-12,99.51,2015-05-28,91.75,1850,-7.8,-14355.3,16,下穿68
ROK,2015-05-13,99.71,2015-05-28,100.4,1932,0.69,1331.55,15,下穿68
NOW,2015-05-22,15.75,2015-05-29,15.32,12365,-2.73,-5316.95,7,下穿68
TSLA,2015-05-07,15.79,2015-06-02,16.56,12085,4.88,9305.46,26,下穿68
RCL,2015-05-27,68.06,2015-06-08,68.69,2824,0.93,1786.22,12,下穿68
EPAM,2015-05-28,72.01,2015-06-08,70.22,2414,-2.49,-4321.06,11,下穿68
FIX,2015-06-03,21.89,2015-06-08,21.24,8809,-2.94,-5663.19,5,下穿68
ZBRA,2015-06-10,115.68,2015-06-17,112.97,1688,-2.34,-4574.48,7,下穿68
CIEN,2015-06-10,25.19,2015-06-23,25.41,6644,0.87,1461.68,13,下穿68
NOW,2015-06-18,16.19,2015-06-24,15.49,11775,-4.32,-8242.5,6,下穿68
PANW,2015-05-28,27.73,2015-06-25,29.8,6849,7.48,14211.68,28,下穿68
ANET,2015-05-29,4.37,2015-06-26,5.14,43352,17.64,33408.12,28,下穿68
PODD,2015-06-10,30.25,2015-06-30,30.99,6458,2.45,4778.92,20,下穿68
EW,2015-06-26,24.35,2015-06-30,23.74,8057,-2.5,-4901.34,4,下穿68
CNC,2015-06-25,40.74,2015-07-02,37.22,4859,-8.64,-17103.68,7,下穿68
TSLA,2015-06-23,17.84,2015-07-07,17.86,9461,0.08,132.45,14,下穿68
EW,2015-07-07,24.58,2015-07-08,23.84,7499,-3.02,-5574.26,1,下穿68
MPC,2015-07-06,39.29,2015-07-09,38.3,4887,-2.52,-4838.96,3,下穿68
VLO,2015-07-10,43.29,2015-07-15,42.85,4422,-1.0,-1918.52,5,下穿68
LEN,2015-06-26,44.74,2015-07-17,45.17,4384,0.96,1890.32,21,下穿68
HCA,2015-07-06,85.48,2015-07-17,86.54,2246,1.24,2376.44,11,下穿68
RCL,2015-07-15,73.44,2015-07-24,72.57,2580,-1.18,-2243.9,9,下穿68
DXCM,2015-07-06,19.93,2015-07-27,20.42,9636,2.5,4793.9,21,下穿68
HIG,2015-07-14,36.38,2015-07-27,36.35,4796,-0.09,-152.67,13,下穿68
SCHW,2015-07-17,30.47,2015-07-27,29.85,6328,-2.04,-3934.82,10,下穿68
EBAY,2015-07-17,24.75,2015-07-27,24.84,7792,0.36,692.3,10,下穿68
AMGN,2015-07-28,126.21,2015-08-06,123.96,1496,-1.78,-3366.57,9,下穿68
CRL,2015-07-28,76.35,2015-08-06,73.96,2473,-3.13,-5910.47,9,下穿68
NVR,2015-07-28,1460.13,2015-08-06,1460.66,129,0.04,68.37,9,下穿68
FTNT,2015-07-24,9.6,2015-08-10,9.51,19997,-0.94,-1799.71,17,下穿68
BKNG,2015-08-06,1327.01,2015-08-10,1299.47,139,-2.08,-3827.47,4,下穿68
FFIV,2015-07-28,131.52,2015-08-11,131.37,1435,-0.11,-215.26,14,下穿68
NFLX,2015-08-06,12.65,2015-08-12,12.05,14718,-4.7,-8742.5,6,下穿68
NVDA,2015-08-10,0.58,2015-08-20,0.54,324086,-6.42,-11972.89,10,下穿68
SBAC,2015-08-11,114.03,2015-08-20,113.08,1631,-0.83,-1541.15,9,下穿68
ADSK,2015-08-12,54.82,2015-08-20,53.1,3282,-3.14,-5645.04,8,下穿68
MAS,2015-08-06,22.58,2015-08-21,22.65,8243,0.34,633.48,15,下穿68
LDOS,2015-08-10,27.49,2015-08-21,26.38,6741,-4.04,-7489.93,11,下穿68
SJM,2015-08-31,85.66,2015-09-09,83.39,2105,-2.65,-4778.84,9,下穿68
MSI,2015-09-08,58.76,2015-09-14,56.7,3077,-3.5,-6336.16,6,下穿68
BBY,2015-08-28,24.67,2015-09-18,25.9,7278,4.98,8948.98,21,下穿68
BLDR,2015-09-10,16.23,2015-09-18,15.35,11070,-5.42,-9741.59,8,下穿68
MAR,2015-09-14,65.99,2015-09-18,63.0,2644,-4.53,-7912.16,4,下穿68
EPAM,2015-09-11,74.35,2015-09-22,72.38,2330,-2.65,-4590.1,11,下穿68
CHTR,2015-09-21,194.5,2015-09-24,184.93,910,-4.92,-8708.71,3,下穿68
META,2015-09-21,94.81,2015-09-25,92.05,1813,-2.91,-5000.9,4,下穿68
WELL,2015-09-22,45.37,2015-09-28,44.41,3718,-2.12,-3571.66,6,下穿68
NKE,2015-09-25,54.52,2015-09-29,52.19,2966,-4.26,-6894.66,4,下穿68
TPL,2015-09-10,13.68,2015-09-30,13.76,13132,0.54,965.96,20,下穿68
PCG,2015-09-30,49.01,2015-10-13,48.95,3517,-0.11,-195.9,13,下穿68
IRM,2015-09-18,16.7,2015-10-14,17.47,10548,4.63,8159.24,26,下穿68
MU,2015-10-14,18.36,2015-10-20,16.67,9527,-9.19,-16081.14,6,下穿68
UDR,2015-09-30,23.66,2015-10-21,24.92,7285,5.33,9191.72,21,下穿68
GS,2015-10-20,149.88,2015-10-21,145.19,1122,-3.13,-5266.67,1,下穿68
ARE,2015-10-13,64.38,2015-10-22,63.26,2676,-1.73,-2987.81,9,下穿68
STE,2015-10-21,61.51,2015-10-23,60.6,2766,-1.48,-2522.32,2,下穿68
AVB,2015-09-30,124.21,2015-10-26,129.31,1254,4.11,6396.92,26,下穿68
NI,2015-09-25,12.85,2015-10-27,13.8,13495,7.35,12756.18,32,下穿68
WBD,2015-10-22,29.45,2015-10-27,28.78,5749,-2.28,-3851.83,5,下穿68
EA,2015-10-21,70.71,2015-10-30,70.01,2465,-0.99,-1723.93,9,下穿68
NVDA,2015-10-30,0.69,2015-11-04,0.68,249383,-1.2,-2060.26,5,下穿68
ABT,2015-10-23,35.93,2015-11-12,36.42,4665,1.35,2268.33,20,下穿68
EBAY,2015-10-27,25.16,2015-11-12,25.33,6831,0.67,1151.25,16,下穿68
LRCX,2015-10-27,6.49,2015-11-12,6.52,26496,0.45,778.31,16,下穿68
SCHW,2015-10-26,26.71,2015-11-13,28.4,6070,6.31,10233.19,18,下穿68
ABBV,2015-11-04,41.76,2015-11-13,39.18,4184,-6.18,-10789.91,9,下穿68
WST,2015-11-16,60.1,2015-11-19,59.83,2833,-0.45,-761.81,3,下穿68
GDDY,2015-11-12,32.93,2015-11-24,31.23,5218,-5.16,-8870.6,12,下穿68
NSC,2015-11-12,71.53,2015-12-02,74.27,2402,3.83,6582.46,20,下穿68
MTD,2015-11-13,328.19,2015-12-02,336.12,516,2.42,4091.88,19,下穿68
TDG,2015-11-19,147.43,2015-12-03,146.48,1163,-0.64,-1097.48,14,下穿68
PWR,2015-12-03,22.5,2015-12-04,21.13,7703,-6.1,-10578.14,1,下穿68
LDOS,2015-11-17,34.08,2015-12-09,34.91,4998,2.43,4140.3,22,下穿68
AMAT,2015-12-09,16.92,2015-12-10,16.67,10139,-1.47,-2523.96,1,下穿68
EPAM,2015-12-03,79.18,2015-12-11,78.57,2189,-0.77,-1335.29,8,下穿68
NVDA,2015-12-04,0.82,2015-12-11,0.79,200387,-3.73,-6158.49,7,下穿68
PANW,2015-11-24,30.48,2015-12-14,30.61,5349,0.46,748.86,20,下穿68
AVGO,2015-12-03,11.03,2015-12-17,10.74,15710,-2.67,-4630.12,14,下穿68
ISRG,2015-12-16,60.57,2015-12-18,59.35,2782,-2.01,-3384.77,2,下穿68
ULTA,2015-12-14,185.54,2015-12-24,184.93,902,-0.33,-550.22,10,下穿68
TKO,2015-12-24,16.22,2015-12-31,15.42,10285,-4.95,-8266.86,7,下穿68
CI,2015-12-18,130.83,2016-01-05,130.98,1272,0.12,196.54,18,下穿68
DGX,2015-12-21,57.88,2016-01-05,57.64,2827,-0.41,-667.65,15,下穿68
TPR,2016-01-05,25.46,2016-01-06,24.58,6497,-3.47,-5745.89,1,下穿68
DG,2015-12-14,62.04,2016-01-07,62.96,2698,1.48,2479.0,24,下穿68
OKE,2016-01-05,13.41,2016-01-07,12.04,12241,-10.21,-16762.48,2,下穿68
DRI,2015-12-21,47.43,2016-01-08,46.54,3521,-1.89,-3148.49,18,下穿68
LULU,2016-01-04,55.86,2016-01-08,53.91,2838,-3.49,-5534.1,4,下穿68
MAA,2016-01-26,66.76,2016-01-28,64.74,2378,-3.03,-4806.45,2,下穿68
RMD,2016-01-26,52.34,2016-01-28,49.89,3033,-4.69,-7451.04,2,下穿68
EA,2016-01-26,68.8,2016-01-29,62.7,2307,-8.87,-14073.21,3,下穿68
TPR,2016-01-29,27.77,2016-02-05,26.27,5209,-5.4,-7808.12,7,下穿68
SYK,2016-01-26,85.84,2016-02-08,85.88,1849,0.04,66.16,13,下穿68
FAST,2016-02-08,8.39,2016-02-11,8.07,18426,-3.78,-5840.96,3,下穿68
AWK,2016-01-28,51.97,2016-02-16,53.64,3013,3.21,5029.43,19,下穿68
ATO,2016-01-28,52.71,2016-02-26,55.36,2823,5.04,7497.65,29,下穿68
O,2016-02-11,36.36,2016-02-26,35.57,4207,-2.15,-3295.34,15,下穿68
HII,2016-02-16,110.71,2016-02-29,108.0,1405,-2.44,-3797.69,13,下穿68
CPB,2016-01-26,39.79,2016-03-01,44.1,3989,10.81,17155.04,35,下穿68
TPL,2016-02-29,13.34,2016-03-18,14.41,11376,8.01,12154.56,18,下穿68
PSKY,2016-03-01,40.42,2016-03-23,43.16,3900,6.78,10687.94,22,下穿68
PCAR,2016-03-18,25.55,2016-03-23,24.85,6894,-2.72,-4788.01,5,下穿68
PWR,2016-02-26,19.82,2016-03-24,21.87,7787,10.34,15963.89,27,下穿68
TSLA,2016-02-26,12.69,2016-03-30,15.13,12426,19.2,30278.03,33,下穿68
ETN,2016-02-05,43.48,2016-03-31,50.25,3147,15.59,21330.1,55,下穿68
HIG,2016-03-23,37.02,2016-04-05,36.94,4637,-0.22,-374.36,13,下穿68
DG,2016-03-23,74.07,2016-04-05,74.42,2318,0.47,814.99,13,下穿68
PSKY,2016-03-31,44.44,2016-04-05,43.77,3871,-1.51,-2591.78,5,下穿68
GLW,2016-03-24,15.6,2016-04-08,15.82,11033,1.38,2380.07,15,下穿68
TSLA,2016-04-05,17.03,2016-04-11,16.66,10224,-2.17,-3782.89,6,下穿68
ABBV,2016-04-06,39.61,2016-04-11,38.69,4165,-2.32,-3829.12,5,下穿68
XYZ,2016-04-11,15.36,2016-04-14,14.82,11252,-3.52,-6076.08,3,下穿68
NEM,2016-04-11,24.39,2016-04-14,22.48,6560,-7.81,-12495.62,3,下穿68
ZTS,2016-03-30,40.61,2016-04-25,43.75,4299,7.72,13479.08,26,下穿68
FIX,2016-04-05,30.58,2016-04-25,30.4,5694,-0.58,-1014.55,20,下穿68
MLM,2016-04-08,154.23,2016-04-29,157.06,1123,1.84,3178.9,21,下穿68
NRG,2016-04-25,11.55,2016-05-03,11.45,15275,-0.86,-1516.54,8,下穿68
NSC,2016-04-25,74.3,2016-05-03,72.49,2375,-2.44,-4306.93,8,下穿68
OXY,2016-04-14,56.0,2016-05-04,55.73,2567,-0.48,-696.46,20,下穿68
DE,2016-04-29,71.75,2016-05-04,70.1,2551,-2.29,-4200.05,5,下穿68
BG,2016-05-04,46.26,2016-05-05,45.16,3044,-2.38,-3357.6,1,下穿68
TRGP,2016-04-14,20.39,2016-05-09,25.25,8363,23.84,40643.9,25,下穿68
WELL,2016-05-04,51.3,2016-05-11,49.59,3440,-3.34,-5887.49,7,下穿68
ABBV,2016-05-03,41.25,2016-05-13,41.4,4286,0.37,658.31,10,下穿68
TRGP,2016-05-11,27.29,2016-05-13,26.64,6487,-2.38,-4217.7,2,下穿68
TPL,2016-05-13,16.12,2016-05-17,15.68,10863,-2.74,-4804.41,4,下穿68
TRGP,2016-05-17,28.48,2016-05-18,27.39,6129,-3.86,-6734.55,1,下穿68
MNST,2016-05-04,24.39,2016-05-19,24.74,7236,1.44,2544.67,15,下穿68
VMC,2016-05-05,105.1,2016-05-19,104.54,1308,-0.53,-732.38,14,下穿68
CDW,2016-05-19,37.45,2016-05-24,37.24,4613,-0.58,-997.95,5,下穿68
MLM,2016-05-09,169.14,2016-06-01,175.52,1053,3.77,6718.34,23,下穿68
SCHW,2016-05-24,26.7,2016-06-03,25.81,6434,-3.31,-5684.03,10,下穿68
ABBV,2016-06-03,43.4,2016-06-07,42.14,3916,-2.92,-4968.45,4,下穿68
NRG,2016-06-01,13.76,2016-06-09,13.55,13152,-1.54,-2791.94,8,下穿68
TDG,2016-05-13,155.53,2016-06-13,161.76,1125,4.0,7002.55,31,下穿68
AXON,2016-05-18,20.78,2016-06-13,22.75,8319,9.48,16388.42,26,下穿68
CMI,2016-06-07,90.77,2016-06-13,88.13,1817,-2.91,-4800.82,6,下穿68
FIX,2016-06-09,30.87,2016-06-13,29.92,5774,-3.08,-5481.27,4,下穿68
JCI,2016-05-19,30.17,2016-06-15,32.19,5320,6.69,10738.81,27,下穿68
NVDA,2016-06-16,1.17,2016-06-17,1.15,149535,-1.75,-3046.23,1,下穿68
WYNN,2016-06-14,90.25,2016-06-20,89.14,1942,-1.23,-2157.61,6,下穿68
ZBRA,2016-06-16,56.62,2016-06-24,54.55,3082,-3.66,-6379.74,8,下穿68
AMD,2016-06-17,5.26,2016-06-24,4.88,33239,-7.22,-12630.82,7,下穿68
DECK,2016-06-17,9.45,2016-06-24,9.31,18239,-1.48,-2553.47,7,下穿68
HLT,2016-06-20,45.47,2016-06-24,42.9,3807,-5.66,-9791.93,4,下穿68
GEN,2016-06-30,9.92,2016-07-05,9.83,17196,-0.93,-1577.98,5,下穿68
DXCM,2016-06-14,18.35,2016-07-07,19.55,9551,6.55,11485.07,23,下穿68
AES,2016-06-30,8.67,2016-07-07,8.41,19670,-3.04,-5194.17,7,下穿68
PSA,2016-07-05,175.56,2016-07-14,171.73,962,-2.18,-3686.75,9,下穿68
PSKY,2016-07-07,45.39,2016-07-18,44.24,3728,-2.53,-4282.41,11,下穿68
NKE,2016-07-07,49.16,2016-07-21,50.1,3442,1.91,3238.04,14,下穿68
TSLA,2016-07-18,15.08,2016-07-21,14.7,11216,-2.54,-4299.47,3,下穿68
SYF,2016-07-21,22.46,2016-07-27,22.36,7147,-0.42,-681.58,6,下穿68
CBRE,2016-07-21,28.55,2016-07-29,28.45,6193,-0.35,-619.29,8,下穿68
TSLA,2016-07-29,15.65,2016-08-01,15.33,11261,-2.04,-3588.51,3,下穿68
AXON,2016-06-30,24.88,2016-08-03,28.72,6100,15.43,23424.0,34,下穿68
LLY,2016-06-30,67.13,2016-08-05,69.52,2541,3.57,6086.21,36,下穿68
XYZ,2016-08-01,10.19,2016-08-10,11.07,16946,8.64,14912.48,9,下穿68
EBAY,2016-07-14,23.13,2016-08-12,27.4,7556,18.44,32237.4,29,下穿68
VRTX,2016-07-27,96.01,2016-08-16,100.0,1664,4.16,6639.36,20,下穿68
LITE,2016-08-03,30.77,2016-08-17,32.0,5693,4.0,7002.39,14,下穿68
MPC,2016-08-16,31.46,2016-08-24,31.34,5933,-0.38,-708.85,8,下穿68
EOG,2016-08-12,67.04,2016-08-25,66.35,2774,-1.04,-1937.35,13,下穿68
TKO,2016-08-17,18.37,2016-08-29,18.37,10100,-0.05,-88.52,12,下穿68
DE,2016-08-25,75.02,2016-08-31,72.67,2492,-3.14,-5868.5,6,下穿68
SCHW,2016-08-05,26.44,2016-09-01,27.43,6681,3.75,6623.72,27,下穿68
XYZ,2016-08-25,12.31,2016-09-01,12.0,14980,-2.52,-4643.81,7,下穿68
FTNT,2016-08-31,7.23,2016-09-09,7.15,25053,-1.05,-1904.03,9,下穿68
NDSN,2016-09-02,91.01,2016-09-09,86.81,1924,-4.61,-8078.97,7,下穿68
LDOS,2016-08-29,34.25,2016-09-14,35.38,5416,3.3,6120.04,16,下穿68
APA,2016-09-09,46.69,2016-09-14,44.61,3986,-4.46,-8302.9,5,下穿68
STX,2016-09-12,24.17,2016-09-19,24.19,6627,0.09,145.41,7,下穿68
ANET,2016-08-10,4.62,2016-09-20,5.11,39702,10.57,19404.35,41,下穿68
PYPL,2016-09-15,40.61,2016-09-20,39.48,4477,-2.79,-5076.66,5,下穿68
JBL,2016-09-19,21.65,2016-09-23,20.48,7405,-5.4,-8660.15,4,下穿68
PANW,2016-09-14,24.72,2016-09-26,24.97,7588,1.02,1909.65,12,下穿68
ANET,2016-09-23,5.36,2016-10-05,5.31,28403,-0.87,-1331.39,12,下穿68
STX,2016-09-26,25.03,2016-10-06,25.44,7507,1.64,3081.38,10,下穿68
LITE,2016-09-02,35.24,2016-10-11,40.73,5331,15.58,29267.18,39,下穿68
WDC,2016-09-21,37.26,2016-10-11,37.91,5090,1.74,3294.66,20,下穿68
ADSK,2016-09-21,71.69,2016-10-11,70.17,2645,-2.12,-4020.41,20,下穿68
C,2016-10-06,36.68,2016-10-13,36.23,5207,-1.22,-2335.31,7,下穿68
MET,2016-10-12,30.74,2016-10-17,30.19,6127,-1.79,-3368.81,5,下穿68
NXPI,2016-10-17,89.65,2016-10-19,89.78,2085,0.15,277.93,2,下穿68
HAL,2016-10-05,38.02,2016-10-24,40.11,4009,5.51,8400.74,19,下穿68
COHR,2016-10-19,26.0,2016-10-25,25.95,7298,-0.19,-364.89,6,下穿68
LUV,2016-10-13,36.89,2016-10-26,34.23,5084,-7.2,-13505.03,13,下穿68
GDDY,2016-10-24,36.82,2016-10-26,36.32,5032,-1.36,-2516.0,2,下穿68
NVDA,2016-10-26,1.77,2016-11-01,1.7,109635,-4.31,-8383.96,6,下穿68
VLO,2016-10-25,40.52,2016-11-02,40.18,4674,-0.85,-1606.88,8,下穿68
MS,2016-10-26,25.63,2016-11-02,25.27,6331,-1.41,-2284.04,7,下穿68
NFLX,2016-10-19,12.19,2016-11-04,12.2,15570,0.13,249.12,16,下穿68
AKAM,2016-10-19,56.62,2016-11-07,66.52,3351,17.48,33174.89,19,下穿68
BG,2016-11-02,51.94,2016-11-11,48.54,3048,-6.55,-10376.83,9,下穿68
MLM,2016-11-01,179.78,2016-11-22,206.25,1035,14.72,27397.56,21,下穿68
TPR,2016-11-22,29.6,2016-11-29,28.77,7213,-2.81,-5992.57,7,下穿68
ERIE,2016-11-11,87.27,2016-11-30,87.78,2029,0.59,1046.98,19,下穿68
TKO,2016-11-29,16.67,2016-12-01,16.26,12449,-2.43,-5048.1,2,下穿68
DAL,2016-11-02,37.41,2016-12-02,43.3,5065,15.75,29840.32,30,下穿68
KEY,2016-11-04,9.43,2016-12-13,12.19,20139,29.31,55652.92,39,下穿68
UAL,2016-11-07,58.53,2016-12-13,72.55,3313,23.95,46448.27,36,下穿68
DE,2016-12-01,88.91,2016-12-13,87.72,2277,-1.33,-2700.57,12,下穿68
NRG,2016-12-13,10.5,2016-12-16,10.09,21135,-3.83,-8497.87,3,下穿68
EXC,2016-12-13,18.31,2016-12-21,18.14,12116,-0.9,-2001.74,8,下穿68
XYZ,2016-12-13,14.07,2016-12-22,14.05,15765,-0.14,-315.29,9,下穿68
OKE,2016-11-30,31.14,2016-12-28,32.69,5719,4.99,8883.44,28,下穿68
TRGP,2016-12-16,37.35,2016-12-29,38.54,5940,3.19,7068.86,13,下穿68
ZBRA,2016-12-02,78.35,2016-12-30,85.76,2729,9.46,20221.9,28,下穿68
CHTR,2016-12-21,291.24,2016-12-30,287.92,770,-1.14,-2556.38,9,下穿68
MU,2016-12-22,22.63,2016-12-30,21.39,9833,-5.48,-12184.44,8,下穿68
ARES,2016-12-30,13.15,2017-01-09,12.36,16635,-5.99,-13101.53,10,下穿68
CF,2017-01-04,25.88,2017-01-17,25.77,8296,-0.45,-974.89,13,下穿68
EW,2016-12-29,31.24,2017-01-18,31.93,7048,2.22,4886.61,20,下穿68
TPL,2017-01-17,32.69,2017-01-23,31.34,6539,-4.11,-8791.65,6,下穿68
ADSK,2017-01-23,81.54,2017-01-26,81.64,2513,0.12,251.3,3,下穿68
DLR,2016-12-30,71.51,2017-02-06,77.79,3058,8.78,19206.64,38,下穿68
NRG,2017-01-09,11.05,2017-02-07,13.38,18606,21.01,43202.72,29,下穿68
WDC,2017-01-18,49.39,2017-02-07,53.3,4557,7.93,17853.26,20,下穿68
TRGP,2017-02-06,42.38,2017-02-07,40.52,5614,-4.38,-10431.7,1,下穿68
URI,2017-01-26,122.78,2017-02-08,120.45,1671,-1.9,-3891.48,13,下穿68
NTAP,2017-02-07,30.93,2017-02-16,32.31,7592,4.46,10462.0,9,下穿68
APO,2017-02-07,15.93,2017-02-16,15.82,14742,-0.69,-1630.26,9,下穿68
TSLA,2017-01-04,15.13,2017-02-22,18.23,14630,20.49,45372.5,49,下穿68
EBAY,2017-02-08,29.49,2017-03-02,30.08,7325,1.98,4288.21,22,下穿68
ADSK,2017-02-16,85.14,2017-03-03,85.32,2821,0.21,507.78,15,下穿68
C,2017-02-16,45.41,2017-03-06,45.34,5247,-0.17,-394.69,18,下穿68
CSX,2017-03-06,14.69,2017-03-07,14.29,16203,-2.71,-6451.56,1,下穿68
HPQ,2017-02-07,11.33,2017-03-21,12.69,20735,12.01,28193.96,42,下穿68
BLDR,2017-02-22,12.43,2017-03-21,14.47,19565,16.41,39912.6,27,下穿68
INCY,2017-03-03,136.91,2017-03-21,140.73,1661,2.79,6345.01,18,下穿68
MU,2017-03-07,25.02,2017-03-21,24.9,9253,-0.47,-1083.38,14,下穿68
CPRT,2017-03-03,7.56,2017-03-22,7.65,34010,1.19,3060.89,19,下穿68
COHR,2017-03-28,39.6,2017-03-30,37.35,6479,-5.68,-14577.75,2,下穿68
ANET,2017-03-22,8.16,2017-04-03,8.23,31144,0.89,2257.95,12,下穿68
LITE,2017-03-24,53.5,2017-04-03,51.5,4758,-3.74,-9516.0,10,下穿68
DECK,2017-03-28,9.77,2017-04-04,9.46,26257,-3.19,-8183.43,7,下穿68
NRG,2017-04-04,15.52,2017-04-07,15.22,16333,-1.96,-4967.88,3,下穿68
WDC,2017-04-04,56.31,2017-04-13,56.66,4501,0.61,1557.56,9,下穿68
BBY,2017-03-29,35.0,2017-04-17,35.43,7106,1.24,3071.49,19,下穿68
TSLA,2017-03-30,18.53,2017-04-18,20.02,13062,8.03,19444.96,19,下穿68
COP,2017-04-04,37.43,2017-04-18,36.65,6487,-2.09,-5078.21,14,下穿68
VRTX,2017-04-20,117.26,2017-04-26,116.34,2162,-0.78,-1989.05,6,下穿68
STX,2017-04-25,35.01,2017-04-26,29.12,7236,-16.83,-42637.2,1,下穿68
CMG,2017-04-10,9.09,2017-04-28,9.49,27355,4.44,11045.95,18,下穿68
SATS,2017-04-20,46.6,2017-04-28,46.65,5441,0.1,264.55,8,下穿68
WAB,2017-04-26,81.49,2017-04-28,79.54,2653,-2.4,-5181.84,2,下穿68
CAT,2017-04-26,86.52,2017-05-01,84.32,2844,-2.54,-6254.08,5,下穿68
TDY,2017-04-25,133.67,2017-05-11,132.36,1837,-0.98,-2406.47,16,下穿68
NCLH,2017-04-28,53.93,2017-05-11,52.95,4496,-1.82,-4406.08,13,下穿68
TRMB,2017-04-28,35.43,2017-05-17,34.46,6844,-2.74,-6638.69,19,下穿68
RCL,2017-05-01,98.65,2017-05-17,94.32,2387,-4.39,-10339.39,16,下穿68
XYZ,2017-05-01,18.61,2017-05-18,19.68,13095,5.75,14011.65,17,下穿68
FSLR,2017-05-19,36.34,2017-05-26,36.84,6333,1.38,3166.5,7,下穿68
ADSK,2017-05-19,109.91,2017-06-08,111.12,2234,1.1,2703.14,20,下穿68
NOW,2017-05-11,19.35,2017-06-09,20.75,12593,7.21,17579.83,29,下穿68
WDAY,2017-05-18,95.44,2017-06-09,97.97,2546,2.65,6441.38,22,下穿68
NVDA,2017-05-12,3.15,2017-06-12,3.7,75347,17.39,41314.06,31,下穿68
NWS,2017-05-26,12.5,2017-06-13,12.64,18664,1.09,2536.11,18,下穿68
DECK,2017-06-09,11.67,2017-06-15,11.46,21823,-1.83,-4655.57,6,下穿68
SATS,2017-06-08,50.17,2017-06-16,49.23,4948,-1.87,-4651.28,8,下穿68
ERIE,2017-06-16,104.38,2017-06-21,102.8,2381,-1.51,-3755.46,5,下穿68
MS,2017-06-13,34.97,2017-06-22,34.55,7268,-1.2,-3040.04,9,下穿68
TSLA,2017-06-13,25.06,2017-06-27,24.16,10141,-3.61,-9180.98,14,下穿68
NCLH,2017-06-21,54.9,2017-06-27,53.86,4459,-1.89,-4637.36,6,下穿68
AMD,2017-06-22,14.38,2017-06-27,13.4,17464,-6.82,-17114.73,5,下穿68
DXCM,2017-06-15,18.9,2017-06-28,18.82,13393,-0.44,-1104.93,13,下穿68
SCHW,2017-06-12,37.31,2017-06-29,38.32,6817,2.7,6863.26,17,下穿68
PSKY,2017-06-28,53.34,2017-06-30,52.22,4616,-2.1,-5177.77,2,下穿68
SPG,2017-06-28,102.66,2017-06-30,101.38,2269,-1.25,-2901.11,2,下穿68
RL,2017-06-29,62.1,2017-07-06,59.75,3995,-3.79,-9408.35,7,下穿68
CTRA,2017-06-27,17.8,2017-07-07,17.62,13809,-0.98,-2407.77,10,下穿68
BAC,2017-07-05,20.34,2017-07-12,19.88,11490,-2.29,-5346.45,7,下穿68
PODD,2017-07-07,51.53,2017-07-12,50.47,4727,-2.06,-5010.61,5,下穿68
CSGP,2017-07-07,27.08,2017-07-17,27.07,8807,-0.05,-114.5,10,下穿68
CTRA,2017-07-12,18.23,2017-07-18,18.03,12282,-1.08,-2409.14,6,下穿68
HBAN,2017-07-12,9.38,2017-07-20,9.26,25914,-1.24,-3009.91,8,下穿68
WDC,2017-07-20,64.82,2017-07-27,62.7,3703,-3.27,-7856.88,7,下穿68
WMB,2017-07-03,19.32,2017-08-01,19.88,12969,2.89,7232.36,29,下穿68
LULU,2017-06-28,56.16,2017-08-03,60.5,4384,7.73,19026.56,36,下穿68
OKE,2017-07-17,31.06,2017-08-03,31.65,7675,1.89,4514.77,17,下穿68
FANG,2017-07-27,74.23,2017-08-03,68.94,3128,-7.12,-16542.76,7,下穿68
CCI,2017-08-04,70.68,2017-08-08,69.3,3268,-1.95,-4505.77,4,下穿68
TPL,2017-07-18,30.42,2017-08-09,35.1,7279,15.36,34012.98,22,下穿68
NVR,2017-08-03,2704.7,2017-08-10,2665.93,92,-1.43,-3566.84,7,下穿68
PWR,2017-08-09,35.98,2017-08-14,34.94,7099,-2.89,-7381.13,5,下穿68
BBY,2017-08-01,43.84,2017-08-15,43.46,5747,-0.86,-2160.17,14,下穿68
LDOS,2017-08-14,50.4,2017-08-17,49.14,4796,-2.49,-6024.91,3,下穿68
APO,2017-08-15,22.05,2017-08-17,20.98,11329,-4.84,-12078.1,2,下穿68
RL,2017-08-03,64.42,2017-08-18,71.43,3877,10.87,27161.63,15,下穿68
TPL,2017-08-14,36.66,2017-08-22,36.52,6864,-0.37,-941.87,8,下穿68
NRG,2017-08-22,21.32,2017-08-24,20.97,11689,-1.66,-4144.22,2,下穿68
INVH,2017-08-23,18.65,2017-08-28,18.37,13326,-1.51,-3750.43,5,下穿68
VST,2017-08-08,14.68,2017-08-30,14.83,15427,0.99,2240.26,22,下穿68
ANET,2017-08-21,10.75,2017-09-05,10.95,22992,1.87,4627.14,15,下穿68
TPL,2017-08-30,39.49,2017-09-05,38.01,5905,-3.74,-8709.71,6,下穿68
WDC,2017-08-25,61.57,2017-09-06,61.1,4015,-0.76,-1890.03,12,下穿68
PODD,2017-08-21,55.79,2017-09-11,58.32,4430,4.53,11207.89,21,下穿68
NOW,2017-09-07,23.56,2017-09-13,23.21,10493,-1.47,-3630.59,6,下穿68
NFLX,2017-09-07,17.9,2017-09-25,17.85,12697,-0.25,-571.37,18,下穿68
XYZ,2017-09-11,27.57,2017-09-25,27.45,9065,-0.44,-1087.79,14,下穿68
MU,2017-08-29,30.71,2017-09-26,33.35,8047,8.58,21198.92,28,下穿68
BKR,2017-09-25,29.68,2017-09-27,29.21,7430,-1.57,-3467.45,2,下穿68
COHR,2017-09-13,38.45,2017-10-05,41.05,6553,6.76,17037.79,22,下穿68
HPE,2017-09-26,11.56,2017-10-12,11.5,21966,-0.6,-1535.43,16,下穿68
CPAY,2017-09-25,155.33,2017-10-16,160.69,1642,3.45,8801.12,21,下穿68
HWM,2017-10-12,20.43,2017-10-17,19.89,12798,-2.61,-6829.4,5,下穿68
GPC,2017-09-27,73.74,2017-10-19,70.03,3137,-5.03,-11632.12,22,下穿68
URI,2017-09-07,118.95,2017-10-20,139.54,2078,17.31,42791.04,43,下穿68
ABBV,2017-10-05,63.1,2017-10-24,64.61,4122,2.38,6200.42,19,下穿68
MU,2017-10-16,40.48,2017-10-25,40.06,6491,-1.04,-2723.29,9,下穿68
ERIE,2017-10-19,103.85,2017-10-25,101.92,2116,-1.85,-4074.61,6,下穿68
VTRS,2017-10-24,31.54,2017-10-26,31.26,8131,-0.9,-2306.56,2,下穿68
GWW,2017-10-17,182.39,2017-10-27,177.37,1401,-2.76,-7040.7,10,下穿68
NUE,2017-10-20,50.23,2017-10-30,48.95,5219,-2.55,-6685.05,10,下穿68
DVA,2017-10-25,62.6,2017-11-01,59.83,4068,-4.42,-11268.35,7,下穿68
COHR,2017-10-25,44.1,2017-11-02,41.6,5775,-5.67,-14437.5,8,下穿68
LITE,2017-10-30,64.75,2017-11-02,58.85,3945,-9.11,-23275.51,3,下穿68
MLM,2017-11-01,204.12,2017-11-02,196.28,1192,-3.84,-9338.18,1,下穿68
POOL,2017-11-02,109.69,2017-11-09,107.4,2248,-2.09,-5151.32,7,下穿68
ODFL,2017-11-02,38.98,2017-11-09,38.24,6325,-1.91,-4710.89,7,下穿68
NVDA,2017-10-27,4.99,2017-11-15,5.19,50453,4.02,10120.93,19,下穿68
MSCI,2017-11-09,116.81,2017-11-15,113.47,2122,-2.85,-7074.63,6,下穿68
XYZ,2017-10-26,34.11,2017-11-28,42.55,7481,24.74,63139.63,33,下穿68
CSGP,2017-11-09,29.93,2017-11-28,30.74,7866,2.72,6395.06,19,下穿68
AMZN,2017-11-03,55.58,2017-11-29,58.06,3838,4.47,9531.66,26,下穿68
SATS,2017-11-28,49.15,2017-12-04,48.25,5306,-1.83,-4772.82,6,下穿68
NWS,2017-11-16,14.6,2017-12-07,15.1,17436,3.44,8751.42,21,下穿68
NWSA,2017-11-16,14.31,2017-12-07,14.89,17329,4.07,10094.61,21,下穿68
DECK,2017-11-29,12.5,2017-12-14,12.36,20872,-1.15,-2991.68,15,下穿68
FAST,2017-12-07,10.86,2017-12-14,10.6,24605,-2.41,-6454.49,7,下穿68
CVNA,2017-12-04,20.21,2017-12-18,21.53,12693,6.53,16754.78,14,下穿68
TSLA,2017-12-15,22.9,2017-12-19,22.07,10959,-3.6,-9022.91,4,下穿68
HCA,2017-12-07,78.95,2017-12-20,80.24,3218,1.63,4151.69,13,下穿68
TRGP,2017-12-18,34.4,2017-12-20,33.32,7797,-3.15,-8442.99,2,下穿68
DIS,2017-12-19,106.23,2017-12-21,104.11,2324,-2.0,-4946.16,2,下穿68
CAH,2017-12-20,49.74,2017-12-27,48.83,5136,-1.83,-4669.33,7,下穿68
PSKY,2017-12-21,49.86,2017-12-27,48.84,4853,-2.05,-4956.93,6,下穿68
DAL,2017-12-14,50.56,2018-01-04,50.96,5298,0.8,2133.4,21,下穿68
TGT,2017-12-20,51.07,2018-01-04,52.15,5142,2.12,5579.4,15,下穿68
URI,2017-11-28,151.33,2018-01-05,165.61,1723,9.44,24608.41,38,下穿68
TRGP,2017-12-27,34.84,2018-01-09,35.5,7523,1.89,4954.02,13,下穿68
AXON,2017-12-27,26.68,2018-01-10,26.56,8459,-0.45,-1015.09,14,下穿68
BKR,2018-01-04,27.55,2018-01-18,27.64,9646,0.32,844.13,14,下穿68
COHR,2018-01-05,50.25,2018-01-22,48.4,5237,-3.68,-9688.44,17,下穿68
BA,2018-01-22,322.11,2018-01-24,318.96,786,-0.98,-2479.4,2,下穿68
ISRG,2018-01-10,141.25,2018-01-30,142.61,1815,0.96,2468.4,20,下穿68
RL,2018-01-09,89.88,2018-02-01,95.45,2968,6.2,16540.48,23,下穿68
WDC,2018-01-18,59.65,2018-02-01,60.51,4470,1.45,3857.4,14,下穿68
NVDA,2018-01-05,5.33,2018-02-02,5.77,49422,8.41,22138.98,28,下穿68
BX,2018-01-24,25.8,2018-02-02,25.25,9727,-2.16,-5426.26,9,下穿68
LYV,2018-01-30,45.33,2018-02-02,44.73,5710,-1.32,-3426.01,3,下穿68
GS,2018-02-01,226.95,2018-02-02,216.79,1201,-4.48,-12205.04,1,下穿68
EBAY,2018-02-01,40.97,2018-02-05,37.58,6653,-8.27,-22542.47,4,下穿68
CHTR,2018-02-02,387.5,2018-02-05,372.57,679,-3.85,-10137.47,3,下穿68
XYL,2018-02-02,68.52,2018-02-05,65.8,3843,-3.97,-10441.0,3,下穿68
BG,2018-02-06,64.31,2018-02-08,62.29,3995,-3.14,-8060.65,2,下穿68
DECK,2018-02-07,15.95,2018-02-08,15.11,16055,-5.24,-13405.93,1,下穿68
KDP,2018-02-06,15.83,2018-02-13,15.51,16230,-2.03,-5210.54,7,下穿68
OMC,2018-02-14,61.64,2018-02-15,57.54,4080,-6.64,-16708.97,1,下穿68
ANET,2018-02-14,18.88,2018-02-16,15.59,13320,-17.42,-43814.47,2,下穿68
BMY,2018-02-16,51.57,2018-02-22,49.31,4028,-4.38,-9097.13,6,下穿68
LYV,2018-02-22,47.83,2018-02-28,44.8,4153,-6.33,-12583.6,6,下穿68
TPR,2018-02-15,40.6,2018-03-01,40.31,6166,-0.71,-1780.03,14,下穿68
CTSH,2018-02-15,72.24,2018-03-02,72.34,3284,0.14,320.3,15,下穿68
LITE,2018-02-09,57.2,2018-03-19,69.05,4404,20.72,52187.41,38,下穿68
VST,2018-03-02,16.73,2018-03-19,17.02,14195,1.74,4122.76,17,下穿68
AXON,2018-03-01,37.69,2018-03-22,38.55,5202,2.28,4473.72,21,下穿68
IT,2018-03-20,124.17,2018-03-22,119.42,2056,-3.83,-9766.0,2,下穿68
FTNT,2018-02-15,9.86,2018-03-23,10.59,25400,7.45,18643.61,36,下穿68
PANW,2018-03-01,28.91,2018-03-23,30.29,8253,4.8,11444.15,22,下穿68
CPRT,2018-03-20,12.81,2018-03-23,12.43,19928,-2.98,-7622.45,3,下穿68
PODD,2018-03-26,87.2,2018-03-28,84.97,2862,-2.56,-6382.25,2,下穿68
SBAC,2018-03-26,159.11,2018-03-28,156.38,1568,-1.71,-4272.35,2,下穿68
CVNA,2018-03-28,22.61,2018-04-11,22.68,10929,0.31,765.03,14,下穿68
AXON,2018-04-04,41.98,2018-04-23,42.74,5879,1.81,4468.05,19,下穿68
TRGP,2018-04-23,35.79,2018-04-24,34.52,7021,-3.56,-8954.41,1,下穿68
COP,2018-03-27,45.52,2018-05-01,50.58,5459,11.11,27607.74,35,下穿68
WAB,2018-04-24,86.18,2018-05-02,83.58,2812,-3.02,-7323.4,8,下穿68
LULU,2018-04-05,91.27,2018-05-04,95.49,2700,4.62,11394.0,29,下穿68
AES,2018-04-03,8.59,2018-05-08,8.86,28906,3.09,7672.86,35,下穿68
INTU,2018-05-01,177.63,2018-05-15,180.03,1490,1.35,3576.15,14,下穿68
NVDA,2018-05-08,6.19,2018-05-16,6.09,41353,-1.75,-4490.78,8,下穿68
FAST,2018-05-16,10.85,2018-05-24,10.8,23697,-0.41,-1066.84,8,下穿68
TPL,2018-05-02,61.71,2018-05-29,67.55,3994,9.47,23349.23,27,下穿68
MU,2018-05-15,52.7,2018-05-31,56.19,4987,6.63,17419.57,16,下穿68
PANW,2018-05-24,34.86,2018-06-04,34.68,7344,-0.51,-1297.44,11,下穿68
TPL,2018-05-31,70.31,2018-06-05,68.78,3899,-2.18,-5970.05,5,下穿68
VLO,2018-04-11,73.11,2018-06-06,88.95,3390,21.67,53693.16,56,下穿68
SMCI,2018-05-30,2.43,2018-06-15,2.58,110817,5.75,15514.39,16,下穿68
NVDA,2018-06-05,6.56,2018-06-19,6.44,40891,-1.85,-4959.5,14,下穿68
MLM,2018-06-04,214.89,2018-06-20,216.06,1213,0.55,1421.76,16,下穿68
ADSK,2018-06-19,141.04,2018-06-21,137.74,2019,-2.34,-6662.68,2,下穿68
ADP,2018-05-04,105.56,2018-06-25,115.64,2442,9.55,24607.28,52,下穿68
CPRT,2018-06-06,14.29,2018-06-25,14.57,19542,2.01,5618.31,19,下穿68
UAL,2018-06-20,74.07,2018-06-25,71.33,3591,-3.7,-9839.33,5,下穿68
GIS,2018-06-26,34.72,2018-06-28,33.68,8126,-3.0,-8452.23,2,下穿68
EQIX,2018-06-25,361.1,2018-07-17,378.25,776,4.75,13308.89,22,下穿68
DRI,2018-06-21,86.09,2018-07-24,87.68,3230,1.85,5133.03,33,下穿68
REGN,2018-06-28,339.53,2018-07-27,365.13,845,7.54,21637.94,29,下穿68
AIZ,2018-06-28,90.8,2018-07-27,94.47,2729,4.05,10036.1,29,下穿68
PYPL,2018-07-24,90.92,2018-07-27,85.01,3115,-6.51,-18435.68,3,下穿68
TKO,2018-06-15,57.05,2018-07-30,71.46,4949,25.26,71317.24,45,下穿68
XYZ,2018-07-17,68.33,2018-07-30,65.62,4296,-3.97,-11642.16,13,下穿68
PCAR,2018-07-27,32.52,2018-08-01,31.49,9222,-3.18,-9531.86,5,下穿68
PM,2018-07-27,57.21,2018-08-08,56.06,5242,-2.01,-6034.89,12,下穿68
DAL,2018-07-27,50.77,2018-08-13,50.54,4557,-0.44,-1019.49,17,下穿68
RF,2018-07-30,13.79,2018-08-13,13.88,21224,0.69,2021.33,14,下穿68
GLW,2018-08-08,27.03,2018-08-13,26.4,10900,-2.34,-6903.46,5,下穿68
VLO,2018-07-30,86.05,2018-08-14,85.02,3400,-1.2,-3509.99,15,下穿68
AMD,2018-08-14,20.02,2018-08-16,19.33,13829,-3.45,-9542.02,2,下穿68
WST,2018-08-01,108.6,2018-08-22,113.34,2675,4.37,12681.19,21,下穿68
TDY,2018-08-16,232.83,2018-08-24,232.88,1148,0.02,57.4,8,下穿68
SATS,2018-08-14,39.83,2018-08-28,39.55,7320,-0.69,-2016.86,14,下穿68
HII,2018-08-14,206.84,2018-08-29,209.86,1409,1.46,4252.37,15,下穿68
TRGP,2018-08-22,43.12,2018-08-30,42.8,6788,-0.74,-2153.93,8,下穿68
NTAP,2018-08-28,70.27,2018-09-05,68.13,4120,-3.05,-8825.94,8,下穿68
ALGN,2018-08-30,387.05,2018-09-05,372.91,755,-3.65,-10675.69,6,下穿68
REGN,2018-09-05,404.21,2018-09-07,392.77,719,-2.83,-8227.25,2,下穿68
NVDA,2018-08-24,6.74,2018-09-11,6.76,41244,0.27,744.44,18,下穿68
TGT,2018-08-29,71.13,2018-09-12,71.96,4131,1.16,3420.32,14,下穿68
CVNA,2018-09-11,70.82,2018-09-13,64.01,3935,-9.62,-26797.34,2,下穿68
AXON,2018-09-06,70.29,2018-09-17,68.67,3866,-2.3,-6262.93,11,下穿68
PANW,2018-09-12,39.37,2018-09-17,38.67,7284,-1.79,-5135.21,5,下穿68
CRM,2018-09-13,156.28,2018-09-17,153.06,1678,-2.06,-5404.57,4,下穿68
FICO,2018-08-14,216.14,2018-09-19,227.96,1348,5.47,15933.37,36,下穿68
LULU,2018-09-18,158.44,2018-09-20,155.97,1524,-1.56,-3764.28,2,下穿68
QCOM,2018-09-18,62.01,2018-09-21,61.16,4547,-1.37,-3848.97,3,下穿68
APA,2018-09-19,38.33,2018-09-21,37.64,7300,-1.79,-5022.23,2,下穿68
CBOE,2018-09-07,94.64,2018-09-24,95.51,2984,0.92,2598.55,17,下穿68
ULTA,2018-09-17,281.45,2018-09-24,280.99,997,-0.16,-458.64,7,下穿68
URI,2018-09-20,165.98,2018-09-26,162.21,1598,-2.27,-6022.37,6,下穿68
IR,2018-09-24,27.34,2018-09-27,25.95,10050,-5.08,-13949.98,3,下穿68
PSKY,2018-09-21,47.22,2018-10-01,46.41,5861,-1.73,-4780.55,10,下穿68
TKO,2018-09-24,84.3,2018-10-02,83.75,3259,-0.65,-1782.54,8,下穿68
WBD,2018-09-26,31.51,2018-10-09,32.36,8685,2.7,7382.25,13,下穿68
MOS,2018-10-01,28.74,2018-10-09,28.94,9464,0.7,1903.13,8,下穿68
CF,2018-10-02,46.36,2018-10-09,45.53,5888,-1.79,-4890.6,7,下穿68
BA,2018-09-21,360.03,2018-10-10,355.43,766,-1.28,-3526.69,19,下穿68
VST,2018-09-27,20.65,2018-10-10,21.27,12702,2.98,7812.14,13,下穿68
AES,2018-10-16,11.71,2018-10-18,11.29,23312,-3.65,-9956.0,2,下穿68
PCG,2018-10-17,48.4,2018-10-22,47.23,5621,-2.41,-6556.77,5,下穿68
OMC,2018-10-18,58.14,2018-10-24,55.89,4648,-3.87,-10466.48,6,下穿68
CAG,2018-10-23,26.9,2018-10-26,26.17,10055,-2.72,-7353.63,3,下穿68
PM,2018-10-19,60.3,2018-10-31,59.78,4504,-0.86,-2323.59,12,下穿68
MO,2018-10-30,37.62,2018-11-01,36.36,6994,-3.34,-8787.06,2,下穿68
CBOE,2018-10-19,95.17,2018-11-08,99.6,2854,4.66,12659.79,20,下穿68
ERIE,2018-11-08,115.6,2018-11-09,116.0,2368,0.34,942.16,1,下穿68
DECK,2018-11-01,21.95,2018-11-14,21.65,11599,-1.37,-3479.69,13,下穿68
TSLA,2018-10-31,22.49,2018-11-19,23.56,11959,4.79,12875.85,19,下穿68
SHW,2018-11-09,129.33,2018-11-20,128.1,2117,-0.95,-2606.03,11,下穿68
PG,2018-10-24,74.4,2018-11-21,76.02,3621,2.18,5872.44,28,下穿68
MRK,2018-11-19,57.81,2018-11-21,56.63,4749,-2.04,-5609.64,2,下穿68
O,2018-10-25,40.94,2018-11-26,42.99,6238,5.01,12793.8,32,下穿68
UAL,2018-11-23,94.84,2018-11-26,91.75,2861,-3.26,-8840.48,3,下穿68
CCL,2018-11-21,56.73,2018-11-30,56.96,4772,0.42,1127.19,9,下穿68
DELL,2018-11-26,27.06,2018-12-04,26.76,9929,-1.11,-2975.7,8,下穿68
BEN,2018-11-23,23.22,2018-12-06,23.19,11686,-0.15,-416.52,13,下穿68
LLY,2018-11-30,107.76,2018-12-06,105.21,2522,-2.36,-6413.93,6,下穿68
PHM,2018-11-26,24.14,2018-12-10,23.56,11237,-2.41,-6525.37,14,下穿68
WELL,2018-11-14,55.85,2018-12-11,58.2,4701,4.21,11049.42,27,下穿68
RMD,2018-12-10,105.66,2018-12-17,103.65,2537,-1.9,-5080.87,7,下穿68
FE,2018-12-11,29.47,2018-12-17,28.06,9116,-4.77,-12817.06,6,下穿68
NRG,2018-12-12,34.98,2018-12-17,33.99,7698,-2.82,-7591.55,5,下穿68
AZO,2018-12-12,889.34,2018-12-17,854.18,299,-3.95,-10512.85,5,下穿68
EIX,2018-12-10,42.4,2018-12-18,41.43,6321,-2.29,-6149.44,8,下穿68
DLTR,2019-01-02,91.2,2019-01-16,93.86,2847,2.92,7573.03,14,下穿68
GE,2019-01-07,40.52,2019-01-23,40.47,6503,-0.11,-301.4,16,下穿68
NFLX,2019-01-07,31.53,2019-01-23,32.2,8356,2.11,5556.75,16,下穿68
TPL,2019-01-07,61.68,2019-01-24,62.18,4272,0.82,2163.39,17,下穿68
PCAR,2019-01-16,30.89,2019-01-28,31.53,8652,2.06,5517.5,12,下穿68
INCY,2019-01-07,74.21,2019-02-07,79.83,3344,7.57,18793.29,31,下穿68
AMP,2019-01-24,104.84,2019-02-28,116.01,2548,10.66,28476.8,35,下穿68
PANW,2019-01-23,34.29,2019-03-01,40.91,7735,19.32,51244.38,37,下穿68
EBAY,2019-01-28,30.18,2019-03-01,33.25,8947,10.2,27535.09,32,下穿68
IBM,2019-01-23,93.12,2019-03-04,98.13,2848,5.38,14275.18,40,下穿68
TDY,2019-02-07,227.12,2019-03-04,235.86,1189,3.85,10391.87,25,下穿68
ALGN,2019-02-28,258.97,2019-03-04,256.31,1134,-1.03,-3016.44,4,下穿68
MNST,2019-03-04,32.51,2019-03-06,30.87,9013,-5.04,-14781.3,2,下穿68
VMC,2019-03-04,108.42,2019-03-07,107.45,2702,-0.89,-2621.03,3,下穿68
SMCI,2019-03-01,1.96,2019-03-08,1.95,150993,-0.51,-1509.93,7,下穿68
MLM,2019-03-07,187.55,2019-03-13,181.57,1488,-3.19,-8898.05,6,下穿68
CPRT,2019-03-05,14.53,2019-03-15,14.76,19973,1.58,4593.78,10,下穿68
TKO,2019-03-15,84.46,2019-03-19,81.74,3487,-3.22,-9469.16,4,下穿68
BBY,2019-03-11,52.56,2019-03-26,54.31,5571,3.33,9738.03,15,下穿68
LYV,2019-03-01,61.04,2019-03-27,63.33,4836,3.75,11074.44,26,下穿68
NVDA,2019-03-19,4.36,2019-03-27,4.38,65427,0.45,1282.71,8,下穿68
DHR,2019-03-07,106.98,2019-03-28,111.75,2705,4.46,12904.95,21,下穿68
QCOM,2019-03-26,49.22,2019-03-28,47.99,6045,-2.5,-7438.62,2,下穿68
NVR,2019-03-27,2860.24,2019-03-28,2807.32,103,-1.85,-5450.75,1,下穿68
DVN,2019-03-28,22.79,2019-04-02,22.31,12927,-2.1,-6191.44,5,下穿68
ANET,2019-03-13,18.28,2019-04-04,19.57,14831,7.06,19131.98,22,下穿68
NEM,2019-03-27,28.85,2019-04-15,29.22,10261,1.29,3812.86,19,下穿68
HAL,2019-04-15,27.17,2019-04-18,27.03,11036,-0.51,-1533.14,3,下穿68
AVGO,2019-03-28,25.0,2019-04-23,26.38,11785,5.54,16323.4,26,下穿68
NTAP,2019-04-02,58.51,2019-04-24,61.12,5005,4.45,13030.29,22,下穿68
LITE,2019-03-29,56.54,2019-04-25,60.62,5219,7.22,21293.51,27,下穿68
WDC,2019-04-18,40.01,2019-04-25,38.24,7456,-4.41,-13139.78,7,下穿68
TKO,2019-04-23,90.75,2019-04-25,78.07,3423,-13.97,-43409.67,2,下穿68
WYNN,2019-04-25,137.71,2019-04-30,135.33,1994,-1.73,-4763.47,5,下穿68
AMP,2019-04-04,120.99,2019-05-07,128.0,2399,5.79,16800.76,33,下穿68
LRCX,2019-04-30,19.01,2019-05-07,18.32,14199,-3.61,-9746.75,7,下穿68
DELL,2019-04-24,30.65,2019-05-10,31.07,9992,1.37,4206.32,16,下穿68
AXON,2019-04-25,62.94,2019-05-10,63.73,4719,1.26,3728.01,15,下穿68
TT,2019-05-10,86.44,2019-05-16,85.8,3474,-0.74,-2225.05,6,下穿68
TRGP,2019-05-16,34.77,2019-05-20,33.94,8764,-2.39,-7282.93,4,下穿68
VMC,2019-05-07,122.22,2019-05-22,120.49,2186,-1.42,-3788.01,15,下穿68
ERIE,2019-05-20,179.63,2019-05-24,175.94,1670,-2.06,-6168.09,4,下穿68
MNST,2019-04-25,28.95,2019-05-28,31.14,10260,7.55,22418.09,33,下穿68
ABBV,2019-05-22,61.27,2019-05-28,58.59,4325,-4.36,-11562.1,6,下穿68
EQIX,2019-05-10,420.97,2019-05-29,425.55,713,1.09,3262.35,19,下穿68
SATS,2019-05-24,35.25,2019-06-07,34.81,8335,-1.26,-3714.95,14,下穿68
PODD,2019-05-07,102.56,2019-06-11,109.77,2925,7.03,21089.25,35,下穿68
CBOE,2019-06-03,99.91,2019-06-11,98.89,2810,-1.02,-2855.32,8,下穿68
FSLR,2019-06-11,64.25,2019-06-12,59.88,4527,-6.8,-19782.99,1,下穿68
AMD,2019-06-07,32.41,2019-06-13,31.39,8951,-3.15,-9130.02,6,下穿68
TGT,2019-06-03,69.11,2019-06-20,71.83,4316,3.93,11722.8,17,下穿68
GE,2019-06-20,51.3,2019-06-24,49.61,6042,-3.29,-10206.13,4,下穿68
DXCM,2019-06-11,34.63,2019-06-25,35.88,8896,3.6,11097.77,14,下穿68
WBD,2019-06-13,29.89,2019-06-26,29.52,9401,-1.24,-3478.36,13,下穿68
DLTR,2019-06-12,108.05,2019-06-27,108.14,2509,0.08,225.8,15,下穿68
INCY,2019-06-25,87.61,2019-06-27,84.72,3464,-3.3,-10010.96,2,下穿68
DECK,2019-06-26,28.95,2019-07-02,28.9,10130,-0.16,-472.74,6,下穿68
LITE,2019-06-24,50.78,2019-07-03,53.83,5903,6.01,18004.17,9,下穿68
QCOM,2019-06-27,64.6,2019-07-08,65.63,4039,1.59,4150.89,11,下穿68
ZBRA,2019-07-02,211.61,2019-07-11,195.01,1383,-7.84,-22957.81,9,下穿68
HAL,2019-07-11,20.88,2019-07-16,20.03,12916,-4.07,-10969.44,5,下穿68
BLDR,2019-07-16,16.89,2019-07-17,16.51,15319,-2.25,-5821.21,1,下穿68
WDC,2019-06-27,32.55,2019-07-19,38.32,9337,17.76,53954.53,22,下穿68
LULU,2019-07-17,190.38,2019-07-22,187.75,1328,-1.38,-3492.65,5,下穿68
PM,2019-07-19,62.87,2019-07-24,60.24,5099,-4.18,-13403.78,5,下穿68
ERIE,2019-05-31,186.13,2019-07-26,206.77,1597,11.08,32947.92,56,下穿68
FICO,2019-07-03,331.4,2019-07-31,347.42,953,4.83,15267.08,28,下穿68
MU,2019-07-08,39.43,2019-07-31,43.8,6775,11.09,29614.34,23,下穿68
NVDA,2019-07-26,4.35,2019-07-31,4.19,72703,-3.63,-11469.84,5,下穿68
LRCX,2019-07-22,19.1,2019-08-01,18.97,15010,-0.7,-2006.17,10,下穿68
LITE,2019-07-24,58.49,2019-08-01,55.88,5251,-4.46,-13705.11,8,下穿68
UNP,2019-07-31,154.9,2019-08-02,149.37,1978,-3.57,-10948.12,2,下穿68
AKAM,2019-08-01,90.11,2019-08-05,84.01,3365,-6.77,-20526.49,4,下穿68
BLDR,2019-08-07,19.63,2019-08-14,18.7,14748,-4.74,-13715.62,7,下穿68
MLM,2019-08-06,235.89,2019-08-21,241.69,1266,2.46,7345.97,15,下穿68
BALL,2019-08-21,73.81,2019-08-23,72.39,4145,-1.92,-5870.68,2,下穿68
TYL,2019-08-01,246.84,2019-08-27,254.63,1228,3.16,9566.13,26,下穿68
KR,2019-08-26,20.82,2019-08-27,20.13,14412,-3.34,-10036.9,1,下穿68
SBAC,2019-08-01,226.41,2019-08-30,241.09,1339,6.49,19663.17,29,下穿68
WST,2019-08-06,136.01,2019-08-30,142.93,2197,5.09,15197.7,24,下穿68
PSA,2019-08-15,196.29,2019-09-03,197.95,1405,0.85,2334.02,19,下穿68
AMGN,2019-08-28,170.2,2019-09-03,168.56,1755,-0.96,-2878.92,6,下穿68
MRNA,2019-08-30,15.73,2019-09-05,15.53,19416,-1.27,-3883.2,6,下穿68
STZ,2019-09-03,186.75,2019-09-05,183.68,1598,-1.64,-4898.63,2,下穿68
SNPS,2019-09-05,145.95,2019-09-10,135.25,1965,-7.33,-21025.49,5,下穿68
J,2019-09-03,70.02,2019-09-11,70.42,4263,0.57,1705.04,8,下穿68
MRNA,2019-09-10,17.09,2019-09-11,15.92,15552,-6.85,-18195.84,1,下穿68
TSLA,2019-09-11,16.47,2019-09-20,16.04,18528,-2.62,-8004.12,9,下穿68
GS,2019-09-11,185.96,2019-09-20,183.33,1304,-1.41,-3422.54,9,下穿68
APO,2019-08-28,31.01,2019-09-23,33.53,9803,8.14,24737.39,26,下穿68
JBHT,2019-08-30,101.8,2019-09-23,106.89,3000,5.01,15292.05,24,下穿68
CPRT,2019-09-20,20.65,2019-09-25,20.26,14667,-1.86,-5646.8,5,下穿68
DLTR,2019-09-23,113.42,2019-09-26,112.46,2669,-0.85,-2562.24,3,下穿68
LRCX,2019-09-25,22.27,2019-09-27,21.21,13344,-4.77,-14169.78,2,下穿68
TECH,2019-09-23,49.11,2019-09-30,47.53,6165,-3.22,-9763.45,7,下穿68
IBKR,2019-09-27,12.84,2019-10-01,11.71,22049,-8.75,-24756.99,4,下穿68
FIX,2019-09-23,41.4,2019-10-02,41.35,6701,-0.14,-387.75,9,下穿68
ABBV,2019-09-26,56.44,2019-10-02,54.99,5318,-2.57,-7703.21,6,下穿68
PODD,2019-09-30,164.93,2019-10-02,157.31,1776,-4.62,-13533.11,2,下穿68
MPC,2019-09-05,42.95,2019-10-08,48.96,7249,13.99,43549.8,33,下穿68
MKC,2019-10-04,74.82,2019-10-11,72.96,3009,-2.49,-5596.42,7,下穿68
JBL,2019-10-04,34.43,2019-10-23,35.19,8573,2.2,6484.33,19,下穿68
LEN,2019-10-02,51.31,2019-10-28,53.52,5684,4.31,12557.41,26,下穿68
MPC,2019-10-11,51.91,2019-10-30,54.18,5618,4.37,12737.15,19,下穿68
QCOM,2019-10-28,71.69,2019-10-31,69.44,4244,-3.14,-9561.53,3,下穿68
LLY,2019-10-31,105.23,2019-11-05,102.74,2826,-2.37,-7046.18,5,下穿68
PM,2019-10-04,56.38,2019-11-07,59.24,5236,5.07,14971.55,34,下穿68
GS,2019-10-23,181.26,2019-11-13,188.12,1664,3.79,11418.27,21,下穿68
AAPL,2019-10-11,56.77,2019-11-21,63.16,4983,11.26,31839.49,41,下穿68
NTAP,2019-11-07,49.86,2019-11-21,51.35,6224,2.99,9266.72,14,下穿68
TDY,2019-11-05,337.05,2019-11-25,340.88,861,1.14,3297.64,20,下穿68
GE,2019-10-30,48.89,2019-11-26,54.89,6170,12.27,37000.35,27,下穿68
CPRT,2019-11-26,22.7,2019-12-02,21.99,14248,-3.13,-10116.09,6,下穿68
PSKY,2019-11-25,33.87,2019-12-03,33.24,8665,-1.87,-5490.86,8,下穿68
NFLX,2019-11-21,31.17,2019-12-04,30.43,9936,-2.36,-7322.85,13,下穿68
MRNA,2019-11-13,18.25,2019-12-06,18.94,17154,3.78,11836.27,23,下穿68
ALGN,2019-12-03,276.36,2019-12-06,275.72,1158,-0.23,-741.1,3,下穿68
SCHW,2019-12-04,44.95,2019-12-13,45.8,6730,1.88,5676.82,9,下穿68
TGT,2019-11-21,107.81,2019-12-16,106.38,3011,-1.32,-4297.55,25,下穿68
REGN,2019-12-03,366.34,2019-12-17,366.62,809,0.08,233.06,14,下穿68
HAL,2019-12-06,19.91,2019-12-30,21.9,15702,9.99,31224.27,24,下穿68
RL,2019-12-13,104.02,2019-12-30,104.33,3079,0.29,936.16,17,下穿68
CIEN,2019-12-30,42.64,2020-01-03,41.87,7752,-1.81,-5969.04,4,下穿68
SLB,2019-12-30,34.87,2020-01-08,34.01,9596,-2.45,-8199.23,9,下穿68
LYV,2020-01-08,71.69,2020-01-10,71.28,4553,-0.57,-1866.75,2,下穿68
TPL,2019-12-17,70.52,2020-01-13,80.75,4267,14.5,43624.21,27,下穿68
MCHP,2020-01-10,49.13,2020-01-15,47.69,6606,-2.93,-9517.47,5,下穿68
TPR,2020-01-13,24.41,2020-01-22,24.02,14115,-1.6,-5517.71,9,下穿68
XYZ,2020-01-15,70.36,2020-01-22,68.69,4477,-2.37,-7476.58,7,下穿68
TER,2020-01-22,71.72,2020-01-24,70.26,5162,-2.02,-7495.56,2,下穿68
ADSK,2019-12-06,179.32,2020-01-31,196.85,1743,9.78,30554.79,56,下穿68
UBER,2020-01-03,31.37,2020-01-31,36.29,10347,15.68,50907.24,28,下穿68
SMCI,2020-01-22,2.91,2020-01-31,2.8,94981,-3.92,-10827.84,9,下穿68
TSLA,2019-12-16,25.43,2020-02-06,49.93,12693,96.32,310944.68,52,下穿68
BALL,2020-02-03,68.92,2020-02-10,71.31,5951,3.47,14216.26,7,下穿68
CPRT,2020-02-06,25.74,2020-02-18,25.6,15934,-0.51,-2111.25,12,下穿68
XYZ,2020-01-24,71.14,2020-02-24,80.21,5098,12.75,46238.86,31,下穿68
AXON,2020-02-06,83.53,2020-02-24,82.41,4639,-1.34,-5195.66,18,下穿68
ETN,2020-02-10,92.32,2020-02-24,91.19,4594,-1.22,-5193.07,14,下穿68
KKR,2020-02-18,31.66,2020-02-24,29.83,12895,-5.78,-23590.96,6,下穿68
GEN,2020-02-03,15.01,2020-02-25,16.84,27335,12.22,50127.35,22,下穿68
NEM,2020-03-05,43.73,2020-03-09,40.12,9493,-8.26,-34278.06,4,下穿68
KR,2020-03-05,29.47,2020-03-09,27.52,14085,-6.63,-27536.2,4,下穿68
GILD,2020-03-06,63.26,2020-03-09,57.98,6530,-8.35,-34503.68,3,下穿68
LII,2020-03-06,241.97,2020-03-10,229.22,1656,-5.27,-21112.36,4,下穿68
REGN,2020-03-02,461.63,2020-03-11,461.58,890,-0.01,-44.22,9,下穿68
EQT,2020-03-13,8.93,2020-03-19,7.57,43412,-15.22,-58962.41,6,下穿68
FTNT,2020-04-03,20.29,2020-04-13,20.93,18276,3.15,11696.63,10,下穿68
HAS,2020-04-02,55.77,2020-04-15,56.64,6689,1.56,5825.9,13,下穿68
NTRS,2020-04-06,67.83,2020-04-15,65.76,5566,-3.05,-11506.63,9,下穿68
CHD,2020-04-15,67.07,2020-04-23,65.82,5246,-1.86,-6548.37,8,下穿68
DG,2020-04-06,156.08,2020-04-24,161.9,2445,3.73,14238.61,18,下穿68
MRNA,2020-04-15,37.25,2020-04-27,48.05,10550,28.99,113939.99,12,下穿68
CRWD,2020-03-27,58.79,2020-04-30,67.66,6391,15.09,56688.19,34,下穿68
TSLA,2020-04-13,43.4,2020-05-01,46.75,8814,7.74,29597.39,18,下穿68
WST,2020-04-23,184.73,2020-05-04,185.62,1869,0.48,1657.93,11,下穿68
PANW,2020-04-24,32.24,2020-05-04,31.97,12280,-0.83,-3295.16,10,下穿68
URI,2020-04-30,124.17,2020-05-04,112.82,3493,-9.14,-39660.71,4,下穿68
DXCM,2020-05-01,85.38,2020-05-20,99.99,4895,17.11,71515.95,19,下穿68
HD,2020-05-04,191.88,2020-05-20,206.02,2179,7.37,30814.52,16,下穿68
TECH,2020-05-04,57.66,2020-05-22,64.99,6144,12.72,45051.73,18,下穿68
DDOG,2020-04-27,43.23,2020-06-01,69.49,10243,60.74,268981.16,35,下穿68
NWS,2020-05-20,11.04,2020-06-10,11.79,45706,6.78,34212.94,21,下穿68
OKE,2020-05-20,25.24,2020-06-10,29.03,17185,14.98,64996.68,21,下穿68
LOW,2020-05-04,96.77,2020-06-11,111.72,4322,15.45,64635.29,38,下穿68
AMP,2020-05-22,120.78,2020-06-11,126.82,3306,5.01,19985.24,20,下穿68
TRGP,2020-06-01,16.28,2020-06-11,17.39,32338,6.78,35699.3,10,下穿68
STX,2020-06-10,45.31,2020-06-11,41.98,12597,-7.36,-41985.95,1,下穿68
DHR,2020-06-10,149.36,2020-06-11,142.62,3821,-4.51,-25744.17,1,下穿68
GLW,2020-06-15,23.29,2020-06-22,22.79,22493,-2.14,-11204.11,7,下穿68
SMCI,2020-06-15,3.13,2020-06-23,3.13,167433,-0.06,-334.84,8,下穿68
ADSK,2020-06-16,240.93,2020-06-24,233.44,2174,-3.11,-16283.24,8,下穿68
DDOG,2020-06-15,81.52,2020-06-26,84.5,6426,3.66,19149.5,11,下穿68
AAPL,2020-06-25,88.39,2020-06-26,85.68,5654,-3.07,-15356.07,1,下穿68
XYZ,2020-06-22,104.22,2020-07-13,118.65,4921,13.85,71010.03,21,下穿68
TTD,2020-06-15,37.06,2020-07-14,43.2,14136,16.58,86851.54,29,下穿68
EBAY,2020-06-29,46.58,2020-07-21,51.37,11345,10.29,54379.09,22,下穿68
EA,2020-06-24,127.12,2020-07-22,134.34,4179,5.68,30161.19,28,下穿68
TDY,2020-07-21,329.72,2020-07-23,321.79,1792,-2.41,-14210.55,2,下穿68
WAT,2020-07-23,226.38,2020-07-29,216.52,2575,-4.36,-25389.5,6,下穿68
ETN,2020-07-22,85.12,2020-07-31,84.36,6999,-0.89,-5325.34,9,下穿68
LDOS,2020-07-31,88.3,2020-08-04,85.62,6686,-3.04,-17929.14,4,下穿68
WST,2020-06-30,223.91,2020-08-10,262.71,2228,17.33,86455.82,41,下穿68
AWK,2020-07-13,118.89,2020-08-11,127.81,4786,7.5,42694.95,29,下穿68
NVDA,2020-08-04,11.19,2020-08-11,10.81,51167,-3.36,-19261.65,7,下穿68
APTV,2020-08-11,88.84,2020-08-18,87.24,6782,-1.8,-10851.19,7,下穿68
PPG,2020-08-11,108.51,2020-08-18,106.53,5183,-1.82,-10234.76,7,下穿68
TPR,2020-08-10,13.59,2020-08-19,13.28,43061,-2.27,-13276.73,9,下穿68
NRG,2020-08-18,30.78,2020-08-20,29.55,17756,-3.99,-21808.21,2,下穿68
ETN,2020-08-18,91.88,2020-08-31,93.15,6501,1.38,8244.0,13,下穿68
CPRT,2020-07-29,23.18,2020-09-03,25.74,24052,11.02,61452.87,36,下穿68
NVDA,2020-08-20,12.1,2020-09-03,12.97,43373,7.23,37967.05,14,下穿68
AAPL,2020-08-31,125.28,2020-09-03,117.36,4833,-6.32,-38288.27,3,下穿68
MSI,2020-08-19,140.03,2020-09-04,142.43,4085,1.71,9808.53,16,下穿68
FDX,2020-09-04,204.11,2020-09-08,199.54,2988,-2.24,-13674.74,4,下穿68
KIM,2020-09-04,9.92,2020-09-08,9.6,61517,-3.16,-19273.87,4,下穿68
VTR,2020-09-04,36.81,2020-09-10,36.04,16570,-2.11,-12867.69,6,下穿68
RCL,2020-09-08,69.9,2020-09-10,68.56,8408,-1.92,-11260.08,2,下穿68
BF-B,2020-09-04,71.91,2020-09-14,71.34,6966,-0.79,-3938.73,10,下穿68
CAT,2020-09-11,138.7,2020-09-15,133.99,4348,-3.4,-20504.12,4,下穿68
DE,2020-07-14,157.85,2020-09-16,200.53,3656,27.03,156019.31,64,下穿68
SHW,2020-09-14,227.86,2020-09-18,220.84,2181,-3.08,-15312.06,4,下穿68
BALL,2020-09-15,78.96,2020-09-18,77.52,7378,-1.82,-10625.86,3,下穿68
PSKY,2020-09-08,25.02,2020-09-21,25.47,23952,1.81,10844.3,13,下穿68
GPC,2020-09-11,86.16,2020-09-21,82.73,6621,-3.99,-22749.23,10,下穿68
TPR,2020-09-16,15.94,2020-09-21,14.54,38047,-8.78,-53291.69,5,下穿68
PGR,2020-09-21,82.87,2020-09-22,80.37,6977,-3.02,-17459.64,1,下穿68
STX,2020-09-28,41.76,2020-10-01,41.25,13787,-1.21,-6955.56,3,下穿68
DPZ,2020-09-25,389.66,2020-10-08,373.75,1475,-4.08,-23466.76,13,下穿68
DRI,2020-09-29,85.19,2020-10-12,84.91,6714,-0.33,-1889.13,13,下穿68
GS,2020-10-12,188.12,2020-10-15,183.27,3031,-2.58,-14699.26,3,下穿68
DG,2020-09-28,193.38,2020-10-19,201.35,2977,4.12,23713.25,21,下穿68
TGT,2020-09-28,134.25,2020-10-21,140.11,4288,4.37,25130.43,23,下穿68
XYZ,2020-10-01,168.49,2020-10-21,177.82,3375,5.54,31488.76,20,下穿68
STX,2020-10-19,43.85,2020-10-23,42.66,13437,-2.7,-15930.86,4,下穿68
DE,2020-10-08,218.82,2020-10-26,218.83,2519,0.0,23.52,18,下穿68
ETN,2020-10-15,99.1,2020-10-26,98.0,5606,-1.11,-6188.36,11,下穿68
WDC,2020-10-21,31.65,2020-10-26,30.47,18355,-3.73,-21688.17,5,下穿68
PCAR,2020-10-23,50.55,2020-10-26,49.42,11591,-2.23,-13091.48,3,下穿68
GE,2020-10-21,35.58,2020-10-27,34.51,16330,-3.01,-17462.19,6,下穿68
TMO,2020-10-26,475.44,2020-10-29,465.05,1200,-2.19,-12476.55,3,下穿68
WAT,2020-10-28,224.77,2020-11-02,222.22,2514,-1.13,-6410.71,5,下穿68
CARR,2020-11-03,34.38,2020-11-10,35.18,16178,2.33,12944.79,7,下穿68
GRMN,2020-11-03,98.38,2020-11-19,101.64,5789,3.32,18894.01,16,下穿68
ADP,2020-11-02,143.58,2020-11-20,152.3,3919,6.08,34187.56,18,下穿68
TPL,2020-11-19,59.13,2020-11-27,60.57,9951,2.44,14335.77,8,下穿68
BKR,2020-11-02,13.62,2020-11-30,16.41,41333,20.54,115589.32,28,下穿68
AMP,2020-11-27,176.15,2020-11-30,171.07,3421,-2.89,-17407.29,3,下穿68
TPR,2020-11-02,20.82,2020-12-01,24.98,27035,20.02,112649.06,29,下穿68
TRGP,2020-11-10,18.23,2020-12-01,21.26,31220,16.65,94760.26,21,下穿68
ROP,2020-11-30,414.1,2020-12-03,396.85,1496,-4.17,-25810.11,3,下穿68
TGT,2020-11-20,148.47,2020-12-07,148.98,4020,0.35,2078.09,17,下穿68
GLW,2020-11-30,32.55,2020-12-10,32.34,19788,-0.67,-4303.64,10,下穿68
QCOM,2020-12-07,140.98,2020-12-11,128.72,4285,-8.7,-52527.21,4,下穿68
GS,2020-12-01,205.01,2020-12-14,210.05,3139,2.46,15832.75,13,下穿68
MRNA,2020-12-03,157.26,2020-12-14,155.07,4074,-1.39,-8922.01,11,下穿68
FDS,2020-12-11,333.49,2020-12-16,327.71,1653,-1.73,-9551.77,5,下穿68
TRGP,2020-12-10,25.27,2020-12-18,24.27,25321,-3.96,-25314.29,8,下穿68
WDC,2020-12-01,35.58,2020-12-22,37.42,18091,5.18,33357.9,21,下穿68
TSLA,2020-12-18,231.67,2020-12-22,213.45,2653,-7.86,-48337.66,4,下穿68
DDOG,2020-12-22,111.07,2020-12-24,106.28,5857,-4.31,-28055.04,2,下穿68
ERIE,2020-12-16,221.84,2020-12-29,220.09,2575,-0.79,-4526.17,13,下穿68
LOW,2020-12-22,149.47,2020-12-29,145.77,3966,-2.47,-14656.76,7,下穿68
GEN,2020-12-14,17.81,2020-12-30,18.6,35425,4.43,27940.31,16,下穿68
PANW,2020-12-14,52.38,2021-01-04,58.61,12044,11.89,75034.11,21,下穿68
TKO,2020-12-29,44.78,2021-01-04,43.9,14003,-1.97,-12367.79,6,下穿68
EPAM,2020-12-24,356.34,2021-01-05,345.7,1747,-2.99,-18588.05,12,下穿68
WST,2021-01-05,287.18,2021-01-13,294.07,2189,2.4,15077.43,8,下穿68
TPR,2021-01-04,28.82,2021-01-15,29.62,21722,2.78,17413.26,11,下穿68
GS,2020-12-30,229.19,2021-01-20,256.59,2756,11.96,75518.55,21,下穿68
DECK,2021-01-20,55.16,2021-01-22,53.31,12050,-3.34,-22212.18,2,下穿68
MS,2021-01-05,58.92,2021-01-25,61.37,10672,4.16,26149.14,20,下穿68
IBKR,2021-01-13,16.9,2021-01-25,16.39,40079,-3.03,-20535.85,12,下穿68
NRG,2020-12-29,30.61,2021-01-27,34.27,16912,11.95,61895.37,29,下穿68
WAT,2021-01-15,268.33,2021-01-27,265.96,2502,-0.88,-5929.73,12,下穿68
LDOS,2021-01-22,104.71,2021-01-28,101.45,6344,-3.11,-20691.13,6,下穿68
TSLA,2021-01-25,293.6,2021-01-28,278.48,2249,-5.15,-34012.42,3,下穿68
KEYS,2021-01-27,151.12,2021-01-28,145.42,4329,-3.77,-24675.29,1,下穿68
CIEN,2021-01-27,56.51,2021-01-28,54.07,10783,-4.32,-26310.51,1,下穿68
IVZ,2021-01-28,17.34,2021-01-29,16.58,36897,-4.37,-27935.32,1,下穿68
MRNA,2021-01-25,147.0,2021-02-02,158.58,4492,7.88,52017.37,8,下穿68
ABT,2021-01-29,112.8,2021-02-04,109.29,5700,-3.12,-20029.1,6,下穿68
CMG,2021-02-01,30.18,2021-02-04,29.59,17638,-1.95,-10395.86,3,下穿68
CCI,2021-02-02,129.75,2021-02-05,127.12,4905,-2.02,-12873.45,3,下穿68
EQIX,2021-01-28,666.83,2021-02-08,675.13,959,1.24,7952.31,11,下穿68
EPAM,2021-02-04,373.09,2021-02-18,378.46,1587,1.44,8522.18,14,下穿68
MRNA,2021-02-08,185.98,2021-02-18,169.57,3481,-8.82,-57123.17,10,下穿68
MSFT,2021-01-28,228.74,2021-02-22,225.03,2797,-1.62,-10389.09,25,下穿68
TDY,2021-02-18,408.51,2021-02-22,398.11,1316,-2.55,-13686.43,4,下穿68
STX,2021-02-22,62.43,2021-02-25,61.89,7939,-0.86,-4249.33,3,下穿68
TPL,2021-02-05,103.63,2021-02-26,115.21,6018,11.18,69741.62,21,下穿68
GE,2021-02-22,60.81,2021-02-26,61.01,10820,0.32,2105.65,4,下穿68
MAR,2021-02-18,127.04,2021-03-01,142.91,5141,12.49,81599.53,11,下穿68
NWS,2021-02-04,18.71,2021-03-02,22.03,33587,17.74,111482.76,26,下穿68
WDC,2021-03-01,54.35,2021-03-03,52.43,10638,-3.52,-20335.87,2,下穿68
VICI,2021-02-26,21.61,2021-03-04,21.72,30651,0.53,3486.1,6,下穿68
GS,2021-03-01,292.58,2021-03-05,290.32,2288,-0.77,-5174.11,4,下穿68
RCL,2021-03-02,91.52,2021-03-05,84.57,7208,-7.59,-50097.01,3,下穿68
MPC,2021-03-04,49.9,2021-03-09,49.34,13203,-1.13,-7462.3,5,下穿68
GE,2021-03-03,65.39,2021-03-10,64.51,9760,-1.34,-8557.87,7,下穿68
GPC,2021-03-05,98.13,2021-03-12,99.73,6365,1.63,10192.63,7,下穿68
TRGP,2021-03-12,31.43,2021-03-16,29.77,20205,-5.26,-33421.52,4,下穿68
ETN,2021-03-01,123.32,2021-03-18,126.5,5430,2.58,17276.43,17,下穿68
OKE,2021-03-05,37.37,2021-03-18,36.34,17558,-2.76,-18133.34,13,下穿68
GS,2021-03-10,303.31,2021-03-19,305.24,2075,0.64,4011.51,9,下穿68
NWS,2021-03-16,24.15,2021-03-23,23.15,24908,-4.16,-25046.3,7,下穿68
MO,2021-03-09,32.3,2021-04-01,35.14,20173,8.82,57435.0,23,下穿68
RSG,2021-03-23,90.7,2021-04-01,93.81,6385,3.43,19881.03,9,下穿68
CARR,2021-03-18,38.27,2021-04-20,39.68,17024,3.71,24151.06,33,下穿68
LOW,2021-03-18,159.34,2021-04-22,183.97,4088,15.45,100663.13,35,下穿68
EXC,2021-03-19,25.71,2021-04-22,26.97,25397,4.91,32056.66,34,下穿68
BLK,2021-04-01,680.41,2021-04-22,705.69,936,3.72,23661.19,21,下穿68
DLR,2021-04-20,127.19,2021-04-26,124.9,5312,-1.8,-12130.16,6,下穿68
COST,2021-04-01,336.04,2021-04-28,349.91,1997,4.13,27698.08,27,下穿68
BG,2021-04-23,74.41,2021-04-30,73.82,9339,-0.8,-5552.94,7,下穿68
LULU,2021-04-22,338.75,2021-05-03,335.38,2046,-0.99,-6895.01,11,下穿68
MRNA,2021-04-23,173.63,2021-05-04,173.59,4002,-0.02,-160.11,11,下穿68
AMP,2021-04-28,238.14,2021-05-11,240.59,2915,1.03,7144.94,13,下穿68
CBRE,2021-04-26,84.05,2021-05-12,84.38,8067,0.39,2662.06,16,下穿68
WST,2021-04-30,324.54,2021-05-12,320.87,2138,-1.13,-7856.73,12,下穿68
WFC,2021-05-03,40.46,2021-05-12,40.69,16962,0.57,3916.98,9,下穿68
FDX,2021-05-04,276.0,2021-05-12,268.5,2511,-2.72,-18835.72,8,下穿68
IRM,2021-05-11,34.28,2021-05-12,33.26,20364,-2.98,-20809.51,1,下穿68
CBOE,2021-05-12,104.42,2021-05-18,103.24,6537,-1.12,-7675.51,6,下穿68
GILD,2021-05-13,57.2,2021-05-24,55.97,11989,-2.15,-14727.53,11,下穿68
ALL,2021-05-13,121.89,2021-05-25,119.79,5626,-1.72,-11817.68,12,下穿68
COF,2021-05-13,142.81,2021-05-25,144.95,4716,1.49,10066.69,12,下穿68
CVS,2021-05-18,75.74,2021-05-26,74.63,8912,-1.46,-9826.3,8,下穿68
DDOG,2021-05-26,91.43,2021-06-04,88.45,7276,-3.26,-21682.5,9,下穿68
MS,2021-05-24,76.76,2021-06-14,77.64,8742,1.15,7706.08,21,下穿68
GEN,2021-05-13,22.88,2021-06-15,25.36,29976,10.85,74428.23,33,下穿68
BXP,2021-05-25,89.61,2021-06-16,94.83,7664,5.83,40031.23,22,下穿68
MSI,2021-05-25,192.08,2021-06-16,198.25,3491,3.21,21557.68,22,下穿68
NTAP,2021-06-15,74.69,2021-06-17,72.86,9393,-2.45,-17220.09,2,下穿68
OKE,2021-06-16,43.79,2021-06-17,41.59,15953,-5.02,-35036.79,1,下穿68
EBAY,2021-06-04,59.95,2021-06-18,58.14,10736,-3.02,-19437.17,14,下穿68
CRM,2021-06-14,243.3,2021-06-23,238.94,2789,-1.79,-12179.32,9,下穿68
CVNA,2021-06-17,291.16,2021-06-25,300.16,2375,3.09,21375.0,8,下穿68
PLTR,2021-06-17,25.45,2021-07-01,24.72,27177,-2.87,-19839.25,14,下穿68
KKR,2021-06-23,57.01,2021-07-07,57.02,11689,0.02,112.41,14,下穿68
DASH,2021-06-16,161.46,2021-07-12,177.18,4326,9.74,68004.66,26,下穿68
LULU,2021-06-18,347.57,2021-07-14,376.99,1926,8.46,56662.89,26,下穿68
NRG,2021-06-25,33.71,2021-07-14,35.57,21148,5.51,39266.32,19,下穿68
NVDA,2021-07-12,20.47,2021-07-14,19.8,35030,-3.27,-23451.46,2,下穿68
CARR,2021-07-07,45.82,2021-07-19,45.27,14549,-1.19,-7917.91,12,下穿68
DXCM,2021-07-16,112.17,2021-07-19,108.76,6502,-3.04,-22171.84,3,下穿68
REGN,2021-07-01,570.76,2021-07-23,582.42,1177,2.04,13713.66,22,下穿68
PANW,2021-07-20,66.83,2021-08-03,66.39,11000,-0.66,-4876.62,14,下穿68
HCA,2021-07-20,239.16,2021-08-09,238.91,3074,-0.1,-767.98,20,下穿68
MRNA,2021-07-15,259.67,2021-08-11,385.33,2762,48.39,347059.11,27,下穿68
COIN,2021-08-09,280.47,2021-08-12,256.5,2618,-8.55,-62753.46,3,下穿68
TSLA,2021-08-12,240.75,2021-08-16,228.72,3380,-5.0,-40650.15,4,下穿68
ADSK,2021-07-23,312.65,2021-08-17,324.7,2192,3.85,26413.64,25,下穿68
DECK,2021-08-16,72.38,2021-08-17,70.35,11145,-2.81,-22661.49,1,下穿68
FTNT,2021-07-20,52.77,2021-08-19,59.16,12701,12.11,81133.95,30,下穿68
CVS,2021-08-17,74.36,2021-08-19,72.43,10342,-2.59,-19920.45,2,下穿68
DDOG,2021-08-03,114.68,2021-08-26,131.3,6369,14.49,105852.8,23,下穿68
PODD,2021-08-17,302.84,2021-08-26,294.13,2634,-2.88,-22942.12,9,下穿68
BALL,2021-08-11,84.17,2021-09-09,89.92,9716,6.83,55893.24,29,下穿68
REGN,2021-08-19,651.23,2021-09-09,641.77,1217,-1.45,-11508.09,21,下穿68
TRMB,2021-08-20,90.59,2021-09-09,93.65,7814,3.38,23910.88,20,下穿68
GEN,2021-08-26,24.31,2021-09-10,24.81,33030,2.06,16532.83,15,下穿68
DDOG,2021-09-09,140.9,2021-09-10,137.15,5725,-2.66,-21468.75,1,下穿68
GNRC,2021-09-09,455.24,2021-09-13,438.69,1709,-3.64,-28283.93,4,下穿68
PANW,2021-08-26,76.24,2021-09-17,79.39,10531,4.14,33225.29,22,下穿68
BKR,2021-09-10,21.42,2021-09-17,21.49,37511,0.34,2694.37,7,下穿68
EXE,2021-09-13,50.23,2021-09-17,48.95,16000,-2.54,-20392.27,4,下穿68
MCHP,2021-09-13,72.84,2021-09-20,70.94,10262,-2.61,-19489.91,7,下穿68
TSLA,2021-09-17,253.16,2021-09-20,243.39,3192,-3.86,-31196.47,3,下穿68
DASH,2021-09-09,207.74,2021-09-27,216.73,3883,4.33,34908.13,18,下穿68
DDOG,2021-09-22,148.69,2021-09-27,142.0,5330,-4.5,-35657.71,5,下穿68
EXPE,2021-09-22,157.34,2021-09-30,162.24,5037,3.11,24680.04,8,下穿68
TSLA,2021-09-27,263.79,2021-10-01,258.41,3085,-2.04,-16597.32,4,下穿68
MAR,2021-10-01,150.13,2021-10-13,148.83,5518,-0.87,-7170.22,12,下穿68
CF,2021-09-22,45.82,2021-10-14,55.02,16171,20.07,148726.7,22,下穿68
TRGP,2021-09-27,44.94,2021-10-27,49.81,17460,10.84,85034.91,30,下穿68
PCAR,2021-10-14,48.3,2021-10-27,47.87,17874,-0.88,-7582.19,13,下穿68
OKE,2021-10-01,46.46,2021-10-29,50.44,16917,8.56,67310.42,28,下穿68
TKO,2021-09-21,52.12,2021-11-03,57.01,15281,9.39,74764.77,43,下穿68
APP,2021-10-13,88.01,2021-11-05,98.47,9331,11.89,97602.25,23,下穿68
WST,2021-11-03,433.1,2021-11-05,399.07,2011,-7.86,-68431.32,2,下穿68
URI,2021-11-05,378.76,2021-11-09,378.32,2381,-0.12,-1058.47,4,下穿68
COIN,2021-10-29,319.42,2021-11-10,328.6,2671,2.87,24519.76,12,下穿68
TPL,2021-11-09,149.29,2021-11-10,140.71,6033,-5.75,-51744.28,1,下穿68
VRT,2021-10-28,25.58,2021-11-11,26.58,34025,3.89,33870.02,14,下穿68
STX,2021-10-28,77.96,2021-11-16,90.25,11305,15.76,138876.1,19,下穿68
LITE,2021-11-05,93.34,2021-11-18,90.07,8783,-3.5,-28720.38,13,下穿68
DDOG,2021-11-16,193.26,2021-11-22,180.75,4745,-6.47,-59359.92,6,下穿68
ZBRA,2021-11-18,606.96,2021-11-23,598.74,1473,-1.35,-12108.11,5,下穿68
TPR,2021-11-10,37.77,2021-11-24,39.06,23333,3.43,30195.72,14,下穿68
SATS,2021-11-10,27.59,2021-11-26,28.31,30644,2.61,22063.66,16,下穿68
DHI,2021-11-23,97.17,2021-11-26,94.31,9077,-2.95,-26005.45,3,下穿68
IBKR,2021-11-24,18.87,2021-11-26,18.13,48186,-3.94,-35846.5,2,下穿68
LOW,2021-11-22,232.42,2021-11-29,228.95,3691,-1.49,-12816.17,7,下穿68
QCOM,2021-11-29,166.32,2021-12-01,159.58,5347,-4.05,-36039.3,2,下穿68
AMD,2021-11-29,161.91,2021-12-01,149.11,5493,-7.91,-70310.42,2,下穿68
DLR,2021-11-29,144.33,2021-12-01,139.25,5377,-3.53,-27357.75,2,下穿68
LRCX,2021-11-11,58.44,2021-12-02,63.0,15474,7.79,70465.89,21,下穿68
PFE,2021-12-01,43.79,2021-12-02,42.47,19848,-3.0,-26066.85,1,下穿68
HD,2021-12-06,373.23,2021-12-08,369.23,2302,-1.07,-9197.25,2,下穿68
HPQ,2021-11-29,30.41,2021-12-13,30.07,29245,-1.14,-10137.64,14,下穿68
LOW,2021-12-08,236.46,2021-12-14,232.52,3594,-1.67,-14167.33,6,下穿68
AAPL,2021-12-07,167.51,2021-12-16,168.56,5156,0.63,5449.06,9,下穿68
NVR,2021-12-02,5549.18,2021-12-17,5636.78,155,1.58,13577.94,15,下穿68
NEE,2021-12-13,81.76,2021-12-20,80.16,10550,-1.96,-16924.33,7,下穿68
PLD,2021-12-07,139.58,2021-12-21,141.45,5637,1.34,10517.25,14,下穿68
MKC,2021-12-20,85.71,2021-12-23,84.9,9928,-0.94,-7973.49,3,下穿68
ARE,2021-12-21,180.26,2022-01-04,183.97,4559,2.06,16897.02,14,下穿68
LITE,2021-12-14,102.59,2022-01-05,105.02,8310,2.37,20193.3,22,下穿68
NRG,2021-12-17,36.03,2022-01-06,36.16,23721,0.37,3166.1,20,下穿68
IBM,2021-12-16,106.93,2022-01-07,114.48,8029,7.07,60674.72,22,下穿68
STX,2021-12-23,97.65,2022-01-07,97.25,8631,-0.41,-3479.74,15,下穿68
SCHW,2022-01-07,86.56,2022-01-19,86.34,10090,-0.25,-2189.64,12,下穿68
PCAR,2022-01-04,52.86,2022-01-20,52.61,15867,-0.47,-3979.46,16,下穿68
TRGP,2022-01-06,50.58,2022-01-20,50.58,16960,0.0,0.0,14,下穿68
GE,2022-01-07,61.86,2022-01-20,59.94,14119,-3.11,-27131.99,13,下穿68
CAG,2022-01-19,28.81,2022-01-25,28.39,30651,-1.46,-12911.89,6,下穿68
LVS,2022-01-24,42.64,2022-02-03,41.71,20484,-2.18,-19067.86,10,下穿68
SLB,2022-01-25,35.25,2022-02-03,35.05,25247,-0.54,-4817.41,9,下穿68
XOM,2022-01-05,57.53,2022-02-10,68.18,15171,18.51,161568.8,36,下穿68
LMT,2022-02-03,348.12,2022-02-10,344.31,2387,-1.1,-9105.17,7,下穿68
UAL,2022-02-10,49.24,2022-02-14,46.93,18606,-4.69,-42979.89,4,下穿68
EOG,2022-01-25,88.78,2022-02-15,92.07,8697,3.7,28591.18,21,下穿68
HAL,2022-01-24,26.21,2022-02-17,30.23,33321,15.32,133813.22,24,下穿68
DE,2022-02-10,372.4,2022-02-17,360.45,2460,-3.21,-29407.01,7,下穿68
MAR,2022-02-15,174.41,2022-02-18,168.37,5208,-3.47,-31481.08,3,下穿68
SATS,2022-02-15,25.95,2022-02-23,24.44,30424,-5.82,-45940.25,8,下穿68
NEM,2022-02-17,59.88,2022-02-28,58.51,15150,-2.29,-20756.52,11,下穿68
TKO,2022-02-25,54.96,2022-03-04,55.04,14819,0.15,1250.73,7,下穿68
ABBV,2022-02-03,121.64,2022-03-08,127.19,7468,4.56,41440.41,33,下穿68
KHC,2022-02-22,32.83,2022-03-09,31.03,27392,-5.5,-49421.15,15,下穿68
HII,2022-02-28,187.49,2022-03-09,190.93,4728,1.83,16263.39,9,下穿68
LDOS,2022-02-25,92.11,2022-03-11,96.68,9698,4.96,44321.34,14,下穿68
INCY,2022-03-09,72.01,2022-03-14,72.19,12393,0.25,2230.74,5,下穿68
TPL,2022-03-04,136.73,2022-03-31,142.64,5965,4.32,35213.03,27,下穿68
CAT,2022-03-11,199.93,2022-04-01,204.52,4524,2.3,20798.35,21,下穿68
WELL,2022-03-08,80.07,2022-04-05,86.74,11159,8.33,74450.26,28,下穿68
DAL,2022-03-31,38.39,2022-04-06,36.47,23403,-5.0,-44957.38,6,下穿68
TRGP,2022-04-06,69.98,2022-04-11,69.38,12524,-0.85,-7455.62,5,下穿68
ABBV,2022-03-15,134.73,2022-04-12,144.61,6653,7.33,65727.51,28,下穿68
VST,2022-04-05,22.03,2022-04-13,22.24,42894,0.93,8816.42,8,下穿68
LLY,2022-03-10,256.91,2022-04-14,291.53,3505,13.47,121319.44,35,下穿68
CEG,2022-04-01,56.21,2022-04-21,60.71,16462,8.01,74157.56,20,下穿68
DLTR,2022-04-11,165.49,2022-04-22,167.49,5251,1.21,10502.0,11,下穿68
PSA,2022-04-12,335.61,2022-04-22,331.97,2866,-1.08,-10428.08,10,下穿68
TRGP,2022-04-13,71.43,2022-04-22,69.76,13357,-2.33,-22264.18,9,下穿68
SO,2022-04-21,66.11,2022-04-25,64.82,14862,-1.95,-19145.23,4,下穿68
TGT,2022-04-14,208.08,2022-04-26,207.47,4667,-0.3,-2865.74,12,下穿68
CLX,2022-04-25,132.69,2022-04-26,128.43,7209,-3.22,-30761.12,1,下穿68
HUBB,2022-04-28,191.98,2022-04-29,184.11,4923,-4.1,-38739.85,1,下穿68
KMB,2022-04-25,123.21,2022-05-02,116.81,7764,-5.2,-49737.41,7,下穿68
HST,2022-04-25,17.33,2022-05-02,16.66,53327,-3.82,-35316.14,7,下穿68
MNST,2022-04-28,43.9,2022-05-02,42.38,21613,-3.48,-33067.86,4,下穿68
UAL,2022-04-25,51.3,2022-05-05,48.9,18647,-4.68,-44752.76,10,下穿68
SMCI,2022-05-04,5.67,2022-05-06,5.12,165495,-9.71,-91187.76,2,下穿68
WDC,2022-05-03,46.45,2022-05-09,42.54,19863,-8.41,-77585.75,6,下穿68
PSX,2022-05-04,83.05,2022-05-09,77.28,10183,-6.96,-58832.56,5,下穿68
MPC,2022-05-06,87.78,2022-05-09,83.15,10262,-5.28,-47519.22,3,下穿68
DVN,2022-05-06,57.77,2022-05-09,51.41,14861,-11.01,-94490.52,3,下穿68
VLO,2022-05-02,103.2,2022-05-11,107.45,8825,4.12,37517.29,9,下穿68
VLO,2022-05-16,114.01,2022-05-18,111.25,7425,-2.43,-20537.77,2,下穿68
HOLX,2022-05-17,79.08,2022-05-25,76.0,10271,-3.89,-31634.7,8,下穿68
MRK,2022-05-16,81.75,2022-05-31,81.49,10355,-0.31,-2659.22,15,下穿68
AMGN,2022-05-20,220.1,2022-06-02,220.79,3753,0.32,2603.15,13,下穿68
NRG,2022-05-13,38.32,2022-06-03,41.21,21906,7.54,63324.29,21,下穿68
VTRS,2022-05-17,9.59,2022-06-03,9.89,88893,3.14,26785.08,17,下穿68
GS,2022-05-31,297.33,2022-06-03,289.9,2838,-2.5,-21092.9,3,下穿68
TRGP,2022-06-03,71.17,2022-06-09,69.08,11950,-2.93,-24960.05,6,下穿68
TPR,2022-06-02,31.79,2022-06-10,29.57,26067,-7.0,-57979.45,8,下穿68
PWR,2022-06-03,128.36,2022-06-10,125.85,6626,-1.95,-16599.12,7,下穿68
GPC,2022-06-09,125.58,2022-06-10,122.29,6772,-2.62,-22298.85,1,下穿68
SLB,2022-05-25,41.06,2022-06-13,40.54,19011,-1.26,-9851.57,19,下穿68
DECK,2022-06-03,45.1,2022-06-13,41.81,18860,-7.28,-61955.1,10,下穿68
DPZ,2022-06-23,377.08,2022-06-29,368.47,2132,-2.28,-18355.19,6,下穿68
HSY,2022-06-24,200.6,2022-06-30,195.34,3966,-2.62,-20883.77,6,下穿68
DG,2022-06-23,227.63,2022-07-12,231.82,3532,1.84,14805.23,19,下穿68
ERIE,2022-06-23,172.05,2022-07-14,180.23,4673,4.75,38207.35,21,下穿68
KMB,2022-06-30,117.1,2022-07-14,117.08,6616,-0.01,-114.63,14,下穿68
MNST,2022-06-24,47.29,2022-07-18,47.51,17192,0.47,3782.2,24,下穿68
CHD,2022-06-29,88.28,2022-07-18,89.83,8900,1.75,13780.43,19,下穿68
CLX,2022-07-14,129.52,2022-07-26,128.55,6184,-0.75,-6031.7,12,下穿68
CPRT,2022-07-19,30.35,2022-07-26,29.91,26024,-1.45,-11450.57,7,下穿68
QCOM,2022-07-14,130.15,2022-07-28,134.32,6293,3.21,26262.44,14,下穿68
BLDR,2022-07-12,62.51,2022-08-03,69.01,13047,10.4,84805.55,22,下穿68
TPL,2022-07-19,185.59,2022-08-03,189.25,4453,1.97,16292.9,15,下穿68
TRGP,2022-07-26,60.19,2022-08-04,59.14,13701,-1.73,-14274.61,9,下穿68
WBD,2022-08-03,16.71,2022-08-05,14.59,51763,-12.69,-109737.5,2,下穿68
TSLA,2022-07-28,280.9,2022-08-08,290.42,3002,3.39,28589.08,11,下穿68
DDOG,2022-08-05,113.29,2022-08-17,110.02,6666,-2.89,-21797.85,12,下穿68
TGT,2022-08-03,147.91,2022-08-18,153.39,5847,3.7,32007.45,15,下穿68
MAR,2022-08-18,159.45,2022-08-19,155.9,5355,-2.22,-18985.67,1,下穿68
ETN,2022-07-26,131.83,2022-08-22,139.79,5680,6.04,45259.12,27,下穿68
BRO,2022-08-08,63.64,2022-08-22,64.37,12916,1.16,9495.98,14,下穿68
GM,2022-08-19,38.21,2022-08-23,37.12,22147,-2.87,-24302.1,4,下穿68
OKE,2022-08-23,53.76,2022-08-29,53.51,15293,-0.46,-3806.27,6,下穿68
DE,2022-08-04,326.33,2022-08-30,351.46,2530,7.7,63565.17,26,下穿68
CF,2022-08-22,97.61,2022-08-30,97.95,8539,0.34,2840.69,8,下穿68
FANG,2022-08-22,113.47,2022-08-30,115.97,7257,2.2,18140.67,8,下穿68
MPC,2022-08-17,91.35,2022-08-31,93.32,8575,2.16,16918.28,14,下穿68
SLB,2022-08-29,36.94,2022-08-31,34.9,22153,-5.52,-45191.13,2,下穿68
CAH,2022-08-31,66.11,2022-09-06,64.97,12526,-1.71,-14167.63,6,下穿68
ULTA,2022-09-07,444.01,2022-09-14,426.15,1879,-4.02,-33558.97,7,下穿68
AES,2022-09-08,23.56,2022-09-15,22.98,35598,-2.48,-20837.56,7,下穿68
CEG,2022-09-08,83.46,2022-09-16,83.25,10048,-0.26,-2150.7,8,下穿68
FSLR,2022-08-31,127.55,2022-09-20,133.31,6492,4.52,37393.88,20,下穿68
IBKR,2022-09-09,16.95,2022-09-20,16.54,46395,-2.46,-19354.85,11,下穿68
NRG,2022-09-15,41.03,2022-09-20,39.15,19931,-4.59,-37556.44,5,下穿68
RCL,2022-09-14,47.84,2022-09-21,45.71,16738,-4.45,-35668.81,7,下穿68
TSLA,2022-09-19,309.07,2022-09-22,288.59,2680,-6.63,-54886.43,3,下穿68
REGN,2022-10-05,740.68,2022-10-07,717.52,1068,-3.13,-24728.14,2,下穿68
BLDR,2022-10-05,63.62,2022-10-14,57.96,12434,-8.9,-70376.44,9,下穿68
MPC,2022-10-05,99.65,2022-10-17,97.6,7938,-2.05,-16249.67,12,下穿68
EME,2022-10-17,126.25,2022-10-20,123.67,6145,-2.05,-15890.45,3,下穿68
TPL,2022-10-05,215.7,2022-10-25,221.42,3667,2.65,20992.81,20,下穿68
WRB,2022-10-17,43.8,2022-10-25,42.43,16428,-3.13,-22506.41,8,下穿68
TKO,2022-10-04,69.91,2022-11-02,73.14,11327,4.61,36540.36,29,下穿68
IBKR,2022-10-20,18.6,2022-11-09,19.18,40861,3.1,23563.61,20,下穿68
MCK,2022-11-02,383.26,2022-11-09,379.74,2145,-0.92,-7529.36,7,下穿68
SLB,2022-10-07,39.14,2022-11-10,48.8,19673,24.68,190015.96,34,下穿68
LLY,2022-10-25,341.54,2022-11-11,342.5,2388,0.28,2298.29,17,下穿68
GRMN,2022-11-11,87.26,2022-11-16,84.08,9813,-3.64,-31140.73,5,下穿68
NVDA,2022-11-10,15.73,2022-11-17,15.66,54477,-0.46,-3971.57,7,下穿68
TPL,2022-11-17,283.52,2022-11-21,270.75,2954,-4.51,-37733.73,4,下穿68
ROP,2022-11-09,408.08,2022-11-28,415.76,2040,1.88,15661.52,19,下穿68
GE,2022-11-21,52.57,2022-11-29,52.43,15967,-0.27,-2247.98,8,下穿68
COST,2022-11-16,502.34,2022-12-01,482.93,1682,-3.86,-32645.88,15,下穿68
GS,2022-10-25,304.67,2022-12-02,351.11,2276,15.25,105714.67,38,下穿68
FICO,2022-11-28,587.68,2022-12-05,612.1,1430,4.16,34920.58,7,下穿68
VRSN,2022-12-01,202.05,2022-12-05,194.86,4141,-3.56,-29775.0,4,下穿68
NWS,2022-11-29,18.29,2022-12-06,18.21,45981,-0.48,-4022.71,7,下穿68
NOC,2022-12-05,513.29,2022-12-08,512.46,1627,-0.16,-1357.39,3,下穿68
LLY,2022-12-02,365.35,2022-12-09,351.93,2187,-3.67,-29359.11,7,下穿68
STLD,2022-12-06,103.22,2022-12-14,103.59,8046,0.36,2991.59,8,下穿68
PNW,2022-11-09,60.73,2022-12-15,68.34,12712,12.54,96801.22,36,下穿68
AWK,2022-12-06,143.75,2022-12-15,145.37,5778,1.12,9343.23,9,下穿68
SYK,2022-12-08,239.99,2022-12-15,237.24,3490,-1.15,-9597.71,7,下穿68
LVS,2022-12-14,46.31,2022-12-16,45.11,18001,-2.58,-21544.29,2,下穿68
WDAY,2022-12-09,169.6,2022-12-19,170.04,4653,0.26,2047.26,10,下穿68
BA,2022-12-21,196.0,2022-12-22,188.25,4224,-3.95,-32736.0,1,下穿68
CPB,2022-12-27,50.94,2022-12-29,50.19,16114,-1.46,-11980.39,2,下穿68
ACGL,2022-12-21,60.25,2023-01-03,59.39,13742,-1.42,-11760.57,13,下穿68
DECK,2022-12-30,66.53,2023-01-03,64.87,12087,-2.49,-20003.97,4,下穿68
UHS,2022-12-21,139.88,2023-01-11,142.52,5919,1.89,15625.61,21,下穿68
ALL,2022-12-23,126.5,2023-01-11,128.22,6482,1.36,11183.67,19,下穿68
SCHW,2022-12-30,79.44,2023-01-11,79.59,10263,0.19,1566.48,12,下穿68
VZ,2023-01-03,32.22,2023-01-18,32.61,25172,1.19,9671.59,15,下穿68
GRMN,2023-01-11,93.7,2023-01-18,90.61,8937,-3.3,-27654.37,7,下穿68
QCOM,2023-01-18,113.28,2023-01-19,109.14,7325,-3.65,-30324.94,1,下穿68
NKE,2023-01-03,111.87,2023-01-30,119.05,7054,6.42,50637.12,27,下穿68
VRSN,2023-01-11,209.06,2023-02-03,215.05,3906,2.86,23378.66,23,下穿68
WDC,2023-01-19,28.26,2023-02-06,31.8,28988,12.52,102538.21,18,下穿68
ZTS,2023-01-19,156.53,2023-02-06,159.41,4990,1.84,14372.44,18,下穿68
BR,2023-01-30,141.88,2023-02-06,140.99,5919,-0.63,-5263.57,7,下穿68
NWS,2023-02-03,20.8,2023-02-09,20.27,40379,-2.57,-21588.2,6,下穿68
TDG,2023-02-06,615.74,2023-02-10,624.39,1427,1.4,12344.19,4,下穿68
CRM,2023-02-09,171.58,2023-02-10,165.02,4771,-3.82,-31251.96,1,下穿68
STX,2023-01-11,52.32,2023-02-16,64.5,16007,23.28,194975.4,36,下穿68
HSY,2023-02-06,220.38,2023-02-16,216.46,3987,-1.78,-15632.5,10,下穿68
GS,2023-02-07,345.41,2023-02-16,341.54,2299,-1.12,-8908.06,9,下穿68
WST,2023-02-16,317.17,2023-02-21,304.19,2772,-4.09,-35990.4,5,下穿68
ANET,2023-02-16,35.42,2023-02-21,33.63,24830,-5.05,-44383.59,5,下穿68
PCAR,2023-02-17,67.75,2023-02-21,66.12,12868,-2.42,-21079.36,4,下穿68
PGR,2023-02-10,126.75,2023-02-27,129.45,6327,2.13,17110.54,17,下穿68
NOC,2023-02-22,453.85,2023-02-27,447.27,1886,-1.45,-12419.81,5,下穿68
SMCI,2023-02-27,10.11,2023-03-03,9.78,84635,-3.26,-27929.54,4,下穿68
ETN,2023-02-10,163.65,2023-03-07,168.87,5356,3.19,27980.39,25,下穿68
FIX,2023-02-24,144.99,2023-03-10,139.4,5885,-3.86,-32919.94,14,下穿68
GEHC,2023-02-27,75.67,2023-03-10,74.6,10836,-1.41,-11537.97,11,下穿68
PANW,2023-02-23,94.37,2023-03-13,92.95,9078,-1.5,-12890.81,18,下穿68
GE,2023-03-03,67.79,2023-03-13,69.89,12213,3.09,25616.35,10,下穿68
KR,2023-03-07,43.91,2023-03-17,43.79,19457,-0.28,-2367.7,10,下穿68
INTC,2023-03-15,27.73,2023-03-21,27.78,30721,0.18,1499.23,6,下穿68
COIN,2023-03-21,83.99,2023-03-23,66.3,10160,-21.06,-179730.35,2,止损(20%)
GOOG,2023-03-17,101.63,2023-03-28,100.53,8383,-1.07,-9146.14,11,下穿68
GOOGL,2023-03-23,104.73,2023-03-28,100.2,6432,-4.33,-29153.24,5,下穿68
ANET,2023-03-14,38.29,2023-03-30,40.62,22125,6.1,51661.94,16,下穿68
GE,2023-03-30,73.88,2023-04-05,74.04,11335,0.21,1780.95,6,下穿68
NVDA,2023-03-16,25.52,2023-04-11,27.14,32353,6.37,52623.98,26,下穿68
ACN,2023-03-28,263.74,2023-04-14,268.87,2524,1.94,12942.36,17,下穿68
PSA,2023-04-11,277.76,2023-04-14,256.8,3067,-7.55,-64288.97,3,下穿68
EOG,2023-04-05,108.41,2023-04-19,107.72,7748,-0.63,-5325.92,14,下穿68
META,2023-03-15,196.21,2023-04-20,211.41,4341,7.75,65986.37,36,下穿68
APP,2023-04-14,16.47,2023-04-21,16.43,51505,-0.24,-2060.15,7,下穿68
WST,2023-03-28,337.05,2023-04-25,354.28,2437,5.11,41992.73,28,下穿68
C,2023-04-14,44.64,2023-04-25,43.15,15793,-3.35,-23616.0,11,下穿68
FAST,2023-04-21,25.46,2023-04-26,24.52,32821,-3.68,-30712.09,5,下穿68
ALGN,2023-04-19,356.37,2023-04-27,317.73,2342,-10.84,-90494.84,8,下穿68
DXCM,2023-04-25,123.96,2023-05-01,118.44,6621,-4.45,-36547.9,6,下穿68
LVS,2023-04-21,59.89,2023-05-03,58.35,13951,-2.57,-21467.63,12,下穿68
FICO,2023-05-03,752.39,2023-05-05,731.98,1078,-2.71,-22002.02,2,下穿68
VTR,2023-04-27,43.05,2023-05-09,42.79,17246,-0.59,-4409.85,12,下穿68
HUBB,2023-04-27,256.58,2023-05-15,262.92,3133,2.47,19841.6,18,下穿68
CMG,2023-04-26,40.2,2023-05-23,40.94,20391,1.85,15154.64,27,下穿68
LLY,2023-05-01,396.9,2023-05-23,415.0,1975,4.56,35737.21,22,下穿68
MSFT,2023-05-05,303.46,2023-05-24,307.26,2611,1.25,9911.97,19,下穿68
ALB,2023-05-23,206.52,2023-05-25,195.91,4018,-5.14,-42628.28,2,下穿68
APP,2023-05-15,22.63,2023-06-06,23.3,35619,2.96,23864.73,22,下穿68
IT,2023-05-24,329.54,2023-06-07,339.44,2472,3.0,24472.78,14,下穿68
SCHW,2023-05-25,52.18,2023-06-12,51.92,15086,-0.5,-3918.82,18,下穿68
COF,2023-05-23,97.78,2023-06-16,105.34,8487,7.73,64165.13,24,下穿68
CEG,2023-06-06,87.88,2023-06-21,88.81,9444,1.06,8804.32,15,下穿68
PANW,2023-06-12,114.57,2023-07-07,123.79,6837,8.05,63071.31,25,下穿68
VRT,2023-05-09,15.21,2023-07-21,25.59,48531,68.28,503969.96,73,下穿68
ETN,2023-06-07,182.41,2023-07-25,199.52,4600,9.38,78701.65,48,下穿68
PCAR,2023-06-21,70.53,2023-07-26,76.0,11892,7.76,65051.34,35,下穿68
ARE,2023-07-21,108.11,2023-07-31,110.26,9503,1.99,20426.32,10,下穿68
DASH,2023-06-16,73.26,2023-08-01,86.59,12203,18.2,162665.92,46,下穿68
HOOD,2023-07-07,10.79,2023-08-02,12.44,78448,15.29,129439.17,26,下穿68
TPL,2023-07-25,162.85,2023-08-02,157.82,6278,-3.09,-31610.42,8,下穿68
ALL,2023-08-01,106.43,2023-08-02,100.3,9749,-5.77,-59854.61,1,下穿68
APP,2023-07-26,29.94,2023-08-08,30.05,33860,0.37,3724.56,13,下穿68
GS,2023-07-31,333.18,2023-08-08,326.06,3144,-2.14,-22400.52,8,下穿68
STX,2023-08-02,60.79,2023-08-11,62.51,16622,2.83,28598.55,9,下穿68
SLB,2023-08-08,54.5,2023-08-15,54.34,18730,-0.31,-3140.62,7,下穿68
IBKR,2023-08-02,21.92,2023-08-17,22.31,43019,1.78,16741.12,15,下穿68
WST,2023-08-15,399.27,2023-08-17,390.07,2549,-2.3,-23435.74,2,下穿68
ERIE,2023-08-02,248.4,2023-08-22,266.49,4067,7.28,73587.1,20,下穿68
VTRS,2023-08-17,10.04,2023-08-23,9.84,102606,-1.94,-20019.39,6,下穿68
TKO,2023-08-22,109.08,2023-08-24,107.77,9501,-1.2,-12420.84,2,下穿68
ANET,2023-08-23,47.46,2023-08-24,44.8,21980,-5.61,-58466.8,1,下穿68
CEG,2023-08-08,102.85,2023-08-25,104.17,9925,1.28,13082.22,17,下穿68
TPL,2023-08-24,203.26,2023-08-31,203.33,5016,0.04,382.69,7,下穿68
APP,2023-08-18,38.23,2023-09-12,41.7,24183,9.08,83915.04,25,下穿68
VRT,2023-08-29,38.59,2023-09-12,37.49,26802,-2.84,-29381.76,14,下穿68
ADSK,2023-08-29,219.4,2023-09-12,211.8,4571,-3.46,-34739.56,14,下穿68
LLY,2023-08-11,518.03,2023-09-18,561.4,2007,8.37,87036.84,38,下穿68
EPAM,2023-08-31,258.99,2023-09-18,259.37,3938,0.15,1496.46,18,下穿68
SLB,2023-09-12,58.09,2023-09-19,56.53,17897,-2.69,-27958.12,7,下穿68
MU,2023-09-12,69.57,2023-09-20,68.95,14944,-0.9,-9316.06,8,下穿68
HAL,2023-09-12,39.91,2023-09-21,38.41,22603,-3.78,-34076.17,9,下穿68
MPC,2023-09-18,148.33,2023-09-21,146.84,6908,-1.0,-10289.37,3,下穿68
VLO,2023-09-18,135.87,2023-09-22,134.93,7542,-0.69,-7075.0,4,下穿68
CNC,2023-09-21,69.54,2023-09-28,69.26,14518,-0.4,-4065.02,7,下穿68
STLD,2023-10-05,103.55,2023-10-12,102.44,9730,-1.08,-10831.78,7,下穿68
FDS,2023-10-06,439.75,2023-10-13,434.23,2300,-1.26,-12701.31,7,下穿68
SMCI,2023-10-09,29.0,2023-10-13,28.52,35114,-1.66,-16854.7,4,下穿68
JBL,2023-10-02,128.19,2023-10-19,129.65,7858,1.14,11490.24,17,下穿68
SNPS,2023-10-10,490.11,2023-10-19,482.37,2024,-1.58,-15665.74,9,下穿68
CEG,2023-10-12,113.87,2023-10-20,110.3,8756,-3.13,-31188.64,8,下穿68
HII,2023-10-13,213.26,2023-10-23,205.21,4720,-3.78,-38010.92,10,下穿68
OKE,2023-10-13,60.81,2023-10-23,58.71,16340,-3.44,-34210.82,10,下穿68
APA,2023-10-19,39.16,2023-10-23,37.47,25362,-4.32,-42908.18,4,下穿68
LMT,2023-10-25,418.57,2023-10-27,414.55,2312,-0.96,-9295.06,2,下穿68
DG,2023-10-25,113.73,2023-11-01,110.77,8512,-2.6,-25200.38,7,下穿68
PGR,2023-11-01,146.14,2023-11-03,143.03,6452,-2.13,-20085.91,2,下穿68
AES,2023-10-25,12.98,2023-11-10,14.04,74565,8.15,78889.88,16,下穿68
RTX,2023-10-26,75.11,2023-11-14,76.58,12952,1.95,18928.98,19,下穿68
CEG,2023-11-14,124.49,2023-11-16,120.0,8229,-3.61,-36988.12,2,下穿68
NRG,2023-10-24,40.07,2023-11-21,43.44,24187,8.41,81506.29,28,下穿68
NVDA,2023-11-10,48.3,2023-11-24,47.74,21002,-1.16,-11731.99,14,下穿68
WTW,2023-10-30,226.57,2023-11-29,234.33,4230,3.43,32852.98,30,下穿68
MAR,2023-11-16,198.84,2023-11-29,198.16,4966,-0.34,-3344.87,13,下穿68
MSFT,2023-11-03,346.12,2023-12-01,368.17,2666,6.37,58771.44,28,下穿68
EPAM,2023-11-29,261.98,2023-12-05,255.33,3772,-2.54,-25083.83,6,下穿68
DASH,2023-12-01,96.58,2023-12-05,96.24,10164,-0.36,-3506.59,4,下穿68
PSKY,2023-11-21,13.48,2023-12-12,14.65,75401,8.61,87504.19,21,下穿68
HOOD,2023-12-05,10.53,2024-01-02,12.37,97378,17.47,179175.53,28,下穿68
WAT,2023-11-24,280.39,2024-01-03,305.88,3619,9.09,92248.27,40,下穿68
URI,2023-12-12,499.38,2024-01-03,536.21,2153,7.37,79290.95,22,下穿68
LITE,2024-01-02,52.04,2024-01-03,49.95,22500,-4.02,-47025.0,1,下穿68
TPR,2023-11-29,29.85,2024-01-04,35.16,33796,17.78,179406.59,36,下穿68
NUE,2024-01-03,171.21,2024-01-04,166.85,6580,-2.55,-28711.9,1,下穿68
ES,2024-01-03,57.91,2024-01-04,56.65,19456,-2.18,-24536.35,1,下穿68
ERIE,2023-12-05,295.04,2024-01-08,319.44,3104,8.27,75732.28,34,下穿68
PNC,2024-01-08,145.09,2024-01-09,142.32,7744,-1.91,-21470.06,1,下穿68
IVZ,2024-01-08,16.46,2024-01-09,16.05,68259,-2.52,-28367.91,1,下穿68
LVS,2024-01-08,49.56,2024-01-09,47.86,22673,-3.42,-38408.59,1,下穿68
MRNA,2024-01-05,111.12,2024-01-11,106.79,10038,-3.89,-43414.4,6,下穿68
VTRS,2024-01-10,10.97,2024-01-17,10.39,98893,-5.29,-57363.5,7,下穿68
FICO,2024-01-17,1230.16,2024-01-26,1196.36,835,-2.75,-28223.04,9,下穿68
IBKR,2024-01-26,22.65,2024-01-30,22.15,44104,-2.2,-21995.81,4,下穿68
ANET,2024-01-11,62.94,2024-02-01,65.75,17033,4.46,47862.75,21,下穿68
REGN,2024-01-10,900.08,2024-02-02,938.84,1221,4.31,47323.59,23,下穿68
DHR,2024-02-02,243.74,2024-02-09,240.4,4703,-1.37,-15728.96,7,下穿68
CEG,2024-01-30,120.2,2024-02-13,126.15,8127,4.95,48332.13,14,下穿68
URI,2024-02-09,637.34,2024-02-13,625.67,1773,-1.83,-20679.52,4,下穿68
CIEN,2024-01-08,47.39,2024-02-20,54.45,22970,14.9,162168.23,43,下穿68
NVDA,2024-01-10,54.32,2024-02-21,67.43,20234,24.14,265348.57,42,下穿68
LUV,2024-02-21,32.89,2024-03-01,32.34,36609,-1.68,-20221.09,9,下穿68
VLTO,2024-02-14,83.52,2024-03-12,87.69,11144,5.0,46524.45,27,下穿68
NVDA,2024-03-01,82.23,2024-03-13,90.84,14992,10.47,129051.28,12,下穿68
QCOM,2024-03-12,165.8,2024-03-14,161.36,6819,-2.68,-30243.18,2,下穿68
XYZ,2024-03-13,85.72,2024-03-14,81.24,14965,-5.23,-67043.25,1,下穿68
IEX,2024-02-20,223.88,2024-03-19,233.29,5399,4.2,50795.22,28,下穿68
APP,2024-03-19,67.64,2024-03-27,68.86,18621,1.8,22717.64,8,下穿68
GE,2024-02-01,106.6,2024-04-01,138.05,10506,29.5,330405.65,60,下穿68
WST,2024-03-14,397.0,2024-04-02,385.58,3182,-2.88,-36342.56,19,下穿68
TPL,2024-03-27,187.32,2024-04-08,188.23,6845,0.48,6207.04,12,下穿68
EMR,2024-02-13,100.63,2024-04-11,109.68,11968,8.98,108194.93,58,下穿68
HAL,2024-03-14,35.77,2024-04-12,37.73,31646,5.48,61997.04,29,下穿68
WDC,2024-04-01,53.32,2024-04-12,54.23,24334,1.71,22159.9,11,下穿68
DPZ,2024-04-08,486.8,2024-04-15,473.26,2726,-2.78,-36904.24,7,下穿68
TPL,2024-04-11,195.51,2024-04-15,189.79,6826,-2.93,-39070.04,4,下穿68
GE,2024-04-16,154.9,2024-04-19,146.3,8411,-5.55,-72307.19,3,下穿68
TKO,2024-04-02,89.14,2024-04-22,93.93,14430,5.37,69120.48,20,下穿68
GPC,2024-04-23,153.39,2024-04-30,147.6,8367,-3.78,-48468.24,7,下穿68
MTB,2024-04-24,139.37,2024-04-30,136.01,9197,-2.41,-30928.31,6,下穿68
UAL,2024-04-22,53.94,2024-05-07,52.69,23786,-2.32,-29732.5,15,下穿68
SCHW,2024-04-23,73.28,2024-05-09,73.73,17514,0.61,7808.29,16,下穿68
SATS,2024-04-23,15.3,2024-05-09,15.61,83886,2.03,26004.62,16,下穿68
D,2024-04-30,46.45,2024-05-23,47.88,27178,3.06,38633.66,23,下穿68
GS,2024-05-01,409.26,2024-05-23,439.16,2989,7.31,89392.06,22,下穿68
ETN,2024-05-09,326.88,2024-05-28,330.9,3954,1.23,15901.07,19,下穿68
ZBRA,2024-05-07,317.87,2024-05-29,316.93,3943,-0.3,-3706.43,22,下穿68
CEG,2024-05-24,227.91,2024-05-29,218.47,5759,-4.14,-54363.48,5,下穿68
MU,2024-05-28,131.8,2024-05-30,125.46,9927,-4.81,-62919.57,2,下穿68
VST,2024-05-23,94.85,2024-06-03,92.01,13885,-3.0,-39455.81,11,下穿68
HOOD,2024-05-30,21.84,2024-06-04,20.78,60514,-4.85,-64144.81,5,下穿68
SATS,2024-05-30,18.5,2024-06-07,18.81,60439,1.68,18736.06,8,下穿68
RL,2024-05-29,178.89,2024-06-14,175.24,7343,-2.04,-26784.54,16,下穿68
RCL,2024-06-04,151.67,2024-06-14,145.16,8290,-4.29,-53970.38,10,下穿68
NVDA,2024-06-03,114.94,2024-06-21,126.51,11115,10.07,128643.29,18,下穿68
AVGO,2024-06-14,170.39,2024-06-24,156.86,7682,-7.94,-103937.1,10,下穿68
GLW,2024-05-09,32.83,2024-06-26,37.02,39373,12.78,165236.11,48,下穿68
IP,2024-06-24,44.2,2024-06-27,40.4,29354,-8.6,-111599.6,3,下穿68
CRWD,2024-06-14,385.43,2024-06-28,383.19,3064,-0.58,-6878.67,14,下穿68
BKR,2024-06-28,33.91,2024-07-05,32.99,36889,-2.7,-33785.55,7,下穿68
PANW,2024-06-26,162.63,2024-07-11,165.52,7909,1.78,22857.01,15,下穿68
TSLA,2024-06-27,197.42,2024-07-18,249.23,6523,26.24,337956.61,21,下穿68
HAL,2024-07-18,34.83,2024-07-19,32.88,40318,-5.6,-78613.98,1,下穿68
TPL,2024-07-11,259.2,2024-07-23,264.1,5050,1.89,24741.58,12,下穿68
FICO,2024-06-21,1436.11,2024-07-24,1559.24,910,8.57,112048.3,33,下穿68
PLTR,2024-07-05,27.23,2024-07-24,26.6,44694,-2.31,-28157.18,19,下穿68
IRM,2024-06-07,80.21,2024-07-25,91.61,14175,14.22,161641.31,48,下穿68
WBD,2024-07-19,8.67,2024-07-25,7.99,160260,-7.84,-108976.85,6,下穿68
URI,2024-07-23,732.6,2024-07-29,733.46,1909,0.12,1635.42,6,下穿68
AMGN,2024-07-24,318.02,2024-07-29,315.08,4215,-0.92,-12381.31,5,下穿68
FAST,2024-07-29,34.29,2024-08-01,32.65,39187,-4.77,-64158.88,3,下穿68
HII,2024-07-25,263.82,2024-08-02,253.61,5073,-3.87,-51786.08,8,下穿68
ABBV,2024-07-25,173.23,2024-08-05,175.31,7726,1.2,16089.19,11,下穿68
SHW,2024-07-25,337.66,2024-08-05,334.07,3739,-1.06,-13445.02,11,下穿68
BALL,2024-08-01,62.96,2024-08-05,61.15,20975,-2.88,-38060.15,4,下穿68
MCO,2024-08-02,454.48,2024-08-05,434.33,2830,-4.43,-57021.72,3,下穿68
EFX,2024-07-29,270.28,2024-08-07,272.38,4971,0.78,10447.17,9,下穿68
CCI,2024-08-06,103.05,2024-08-07,101.5,12592,-1.5,-19527.44,1,下穿68
DASH,2024-08-06,122.64,2024-08-28,127.16,10581,3.69,47826.17,22,下穿68
NCLH,2024-08-28,18.0,2024-09-04,17.29,74757,-3.94,-53077.4,7,下穿68
PYPL,2024-09-04,72.22,2024-09-06,68.52,17896,-5.12,-66219.1,2,下穿68
EIX,2024-08-06,75.21,2024-09-09,79.42,17254,5.59,72580.75,34,下穿68
CLX,2024-08-08,135.37,2024-09-18,154.64,9567,14.23,184310.88,41,下穿68
AON,2024-08-08,324.38,2024-09-18,346.57,3898,6.84,86515.31,41,下穿68
ERIE,2024-09-18,524.13,2024-09-20,509.33,2696,-2.82,-39902.58,2,下穿68
KVUE,2024-08-08,19.81,2024-09-24,21.75,65393,9.81,127025.47,47,下穿68
TPL,2024-09-20,309.52,2024-09-26,288.9,4448,-6.66,-91726.97,6,下穿68
PODD,2024-09-09,219.13,2024-09-27,232.03,5575,5.89,71917.47,18,下穿68
HOOD,2024-09-27,23.89,2024-10-01,22.33,54148,-6.53,-84470.85,4,下穿68
UAL,2024-09-09,48.75,2024-10-03,55.62,28204,14.09,193761.45,24,下穿68
GE,2024-09-18,181.68,2024-10-03,182.29,7780,0.33,4715.53,15,下穿68
ERIE,2024-09-24,532.63,2024-10-03,523.66,2670,-1.68,-23934.99,9,下穿68
TRMB,2024-09-26,60.51,2024-10-07,61.51,21241,1.65,21241.0,11,下穿68
SLB,2024-10-03,42.98,2024-10-09,42.33,32077,-1.51,-20886.56,6,下穿68
EBAY,2024-10-01,64.35,2024-10-11,64.84,18789,0.76,9183.49,10,下穿68
TKO,2024-10-03,124.32,2024-10-15,123.3,11091,-0.81,-11236.29,12,下穿68
PCAR,2024-10-07,97.05,2024-10-22,98.76,14339,1.76,24458.85,15,下穿68
GLW,2024-10-22,46.07,2024-10-24,45.58,30740,-1.06,-14965.56,2,下穿68
TRGP,2024-10-24,163.36,2024-10-28,159.63,8576,-2.28,-31997.47,4,下穿68
HOOD,2024-10-09,25.65,2024-10-31,23.49,54078,-8.42,-116808.47,22,下穿68
MS,2024-10-28,114.35,2024-10-31,112.46,11973,-1.65,-22534.78,3,下穿68
DASH,2024-10-11,149.44,2024-11-01,155.66,9053,4.16,56309.67,21,下穿68
CCL,2024-10-15,21.45,2024-11-01,21.8,63757,1.62,22212.34,17,下穿68
DAL,2024-11-01,57.54,2024-11-04,56.06,24747,-2.57,-36580.61,3,下穿68
INCY,2024-10-31,74.12,2024-11-15,75.87,19125,2.36,33468.75,15,下穿68
GRMN,2024-11-04,195.61,2024-11-20,200.84,7092,2.67,37065.05,16,下穿68
IP,2024-11-01,52.62,2024-11-27,55.54,21884,5.54,63779.78,26,下穿68
TPL,2024-10-03,320.82,2024-11-29,528.97,4297,64.88,894410.69,57,下穿68
GS,2024-11-15,575.77,2024-12-02,586.59,2520,1.88,27259.19,17,下穿68
DASH,2024-11-29,180.48,2024-12-02,176.37,8894,-2.28,-36554.35,3,下穿68
WDC,2024-12-02,55.26,2024-12-06,53.49,28821,-3.21,-51190.74,4,下穿68
BKNG,2024-11-01,4695.57,2024-12-10,5135.37,303,9.37,133259.64,39,下穿68
DDOG,2024-12-02,152.88,2024-12-10,154.91,10418,1.33,21148.53,8,下穿68
HOOD,2024-12-06,41.67,2024-12-10,37.36,39415,-10.34,-169878.55,4,下穿68
TKO,2024-11-20,130.61,2024-12-11,139.01,10906,6.43,91608.67,21,下穿68
WBD,2024-11-27,10.38,2024-12-16,11.6,117100,11.75,142862.03,19,下穿68
CMG,2024-12-10,64.83,2024-12-16,64.8,24243,-0.05,-727.26,6,下穿68
META,2024-12-10,616.35,2024-12-18,594.8,2550,-3.5,-54938.46,8,下穿68
GDDY,2024-12-10,204.85,2024-12-18,200.13,7672,-2.3,-36211.85,8,下穿68
AMZN,2024-12-11,230.26,2024-12-18,220.52,6889,-4.23,-67098.79,7,下穿68
GOOGL,2024-12-16,195.75,2024-12-18,187.53,8182,-4.2,-67272.28,2,下穿68
GOOG,2024-12-16,197.25,2024-12-18,189.28,8120,-4.04,-64743.3,2,下穿68
PLTR,2024-12-23,80.69,2024-12-27,79.08,18985,-2.0,-30565.86,4,下穿68
CIEN,2024-12-24,87.93,2024-12-30,85.01,17554,-3.32,-51257.65,6,下穿68
EW,2024-12-23,74.81,2024-12-31,74.03,20477,-1.04,-15972.04,8,下穿68
BA,2024-12-19,177.04,2025-01-02,171.87,8646,-2.92,-44699.8,14,下穿68
AVGO,2024-12-30,233.47,2025-01-02,229.9,6476,-1.53,-23104.84,3,下穿68
APTV,2024-12-24,59.95,2025-01-10,59.35,25290,-1.0,-15174.06,17,下穿68
DRI,2025-01-03,180.85,2025-01-10,174.76,8297,-3.37,-50500.09,7,下穿68
TPR,2025-01-03,65.53,2025-01-14,66.41,22898,1.33,20002.21,11,下穿68
JBL,2025-01-06,151.71,2025-01-27,159.21,9638,4.94,72234.41,21,下穿68
VST,2025-01-10,165.6,2025-01-27,136.15,9015,-17.78,-265476.59,17,下穿68
TRGP,2025-01-13,192.23,2025-01-27,193.96,7585,0.9,13069.36,14,下穿68
TPL,2025-01-14,439.56,2025-01-27,415.54,3449,-5.46,-82849.68,13,下穿68
VLO,2025-01-27,136.16,2025-01-30,131.55,10736,-3.39,-49489.2,3,下穿68
NDSN,2025-01-27,220.16,2025-02-03,212.86,5838,-3.32,-42619.11,7,下穿68
GL,2024-12-31,110.37,2025-02-06,118.99,13672,7.81,117843.39,37,下穿68
SCHW,2025-02-06,82.35,2025-02-10,79.92,18815,-2.95,-45756.49,4,下穿68
ACN,2025-01-27,369.46,2025-02-14,384.16,3956,3.98,58165.92,18,下穿68
TKO,2025-01-27,150.93,2025-02-19,163.84,9686,8.55,124994.57,23,下穿68
HOOD,2025-02-14,65.28,2025-02-19,59.23,23339,-9.27,-141200.93,5,下穿68
GE,2025-01-30,204.11,2025-02-21,198.41,6920,-2.79,-39438.17,22,下穿68
PLTR,2025-02-03,83.74,2025-02-21,101.35,14840,21.03,261332.41,18,下穿68
DE,2025-02-19,502.4,2025-02-21,483.37,3057,-3.79,-58173.59,2,下穿68
NRG,2025-02-19,111.03,2025-02-21,104.66,12910,-5.74,-82248.36,2,下穿68
EBAY,2025-02-10,67.01,2025-02-26,67.87,23540,1.29,20335.11,16,下穿68
PSKY,2025-02-24,11.44,2025-02-26,11.0,127907,-3.86,-56410.28,2,下穿68
KDP,2025-02-21,33.0,2025-02-27,32.59,44295,-1.26,-18466.78,6,下穿68
LLY,2025-02-28,913.86,2025-03-07,863.19,1597,-5.55,-80927.76,7,下穿68
MNST,2025-02-21,53.0,2025-03-12,54.4,27582,2.64,38614.84,19,下穿68
AWK,2025-02-24,130.31,2025-03-12,137.4,10124,5.44,71794.88,16,下穿68
AMT,2025-02-28,198.65,2025-03-12,199.68,7347,0.52,7594.87,12,下穿68
HII,2025-03-07,192.38,2025-03-12,188.22,7525,-2.16,-31321.6,5,下穿68
MCK,2025-02-28,637.03,2025-03-13,641.16,2291,0.65,9447.3,13,下穿68
TRV,2025-03-17,260.99,2025-03-18,256.43,5634,-1.75,-25678.47,1,下穿68
ALL,2025-03-14,203.48,2025-03-21,202.48,7123,-0.49,-7125.28,7,下穿68
ELV,2025-03-17,421.59,2025-03-25,414.62,3332,-1.65,-23227.91,8,下穿68
AES,2025-03-13,11.62,2025-03-26,11.81,124729,1.71,24775.8,13,下穿68
HII,2025-03-17,203.34,2025-03-26,199.55,7232,-1.86,-27404.04,9,下穿68
GE,2025-03-25,211.01,2025-03-27,204.8,6547,-2.95,-40703.27,2,下穿68
F,2025-03-26,9.8,2025-03-27,9.42,147405,-3.88,-56081.11,1,下穿68
FANG,2025-03-21,154.29,2025-04-03,137.53,9348,-10.86,-156696.68,13,下穿68
DVN,2025-03-26,36.52,2025-04-03,32.32,39537,-11.5,-166102.64,8,下穿68
MNST,2025-03-18,56.8,2025-04-04,57.08,25436,0.49,7122.15,17,下穿68
ACGL,2025-03-27,96.94,2025-04-04,87.83,14703,-9.4,-133944.34,8,下穿68
DRI,2025-03-27,201.92,2025-04-04,186.76,6597,-7.51,-99972.39,8,下穿68
CNC,2025-04-03,64.29,2025-04-04,61.93,21097,-3.67,-49788.93,1,下穿68
UNH,2025-04-10,578.1,2025-04-17,441.66,2244,-23.6,-306176.98,7,止损(20%)
HUM,2025-04-11,291.93,2025-04-17,261.69,4453,-10.36,-134648.89,6,下穿68
NOC,2025-04-14,527.35,2025-04-22,456.74,2437,-13.39,-172065.3,8,下穿68
DLTR,2025-04-22,82.16,2025-04-28,80.17,13549,-2.42,-26962.58,6,下穿68
NEM,2025-04-14,54.09,2025-04-29,52.28,23769,-3.34,-42939.14,15,下穿68
ALGN,2025-04-21,172.22,2025-04-30,173.3,5687,0.63,6141.97,9,下穿68
CPRT,2025-04-14,59.83,2025-05-01,60.5,21487,1.12,14396.25,17,下穿68
HII,2025-04-17,215.46,2025-05-12,225.53,5627,4.67,56675.35,25,下穿68
MAR,2025-05-01,241.67,2025-05-21,258.25,4915,6.86,81506.53,20,下穿68
COIN,2025-05-22,271.95,2025-05-29,248.84,4811,-8.5,-111182.29,7,下穿68
GS,2025-04-29,537.78,2025-05-30,591.2,2201,9.93,117569.59,31,下穿68
VLTO,2025-04-30,95.57,2025-05-30,100.69,10930,5.35,55879.57,30,下穿68
TSLA,2025-05-12,318.38,2025-05-30,346.46,4052,8.82,113780.11,18,下穿68
CEG,2025-04-28,223.69,2025-06-04,298.44,4856,33.42,362987.56,37,下穿68
DLTR,2025-05-29,90.58,2025-06-04,88.62,13792,-2.16,-27032.31,6,下穿68
NRG,2025-05-30,154.61,2025-06-04,155.67,7717,0.69,8188.83,5,下穿68
ZTS,2025-05-30,166.77,2025-06-09,162.8,7832,-2.38,-31137.75,10,下穿68
BA,2025-06-09,217.51,2025-06-12,203.75,5863,-6.33,-80674.85,3,下穿68
BXP,2025-06-04,68.86,2025-06-17,69.35,19186,0.72,9458.77,13,下穿68
META,2025-06-04,685.81,2025-06-20,680.75,1794,-0.74,-9076.43,16,下穿68
BALL,2025-06-20,55.62,2025-06-30,55.49,21956,-0.25,-3040.66,10,下穿68
MU,2025-06-04,103.05,2025-07-01,120.65,12820,17.08,225699.47,27,下穿68
GEV,2025-06-30,527.99,2025-07-02,503.96,2307,-4.55,-55431.01,2,下穿68
LITE,2025-06-17,86.35,2025-07-07,91.08,15410,5.48,72966.36,20,下穿68
HOOD,2025-05-30,66.15,2025-07-08,91.27,19747,37.97,496044.54,39,下穿68
DDOG,2025-07-02,135.01,2025-07-09,142.75,9392,5.73,72694.13,7,下穿68
FDS,2025-07-01,444.91,2025-07-14,434.74,3240,-2.29,-32940.07,13,下穿68
MRNA,2025-07-08,32.54,2025-07-18,31.26,44922,-3.93,-57500.19,10,下穿68
COIN,2025-07-07,357.1,2025-07-22,404.44,3930,13.26,186046.19,15,下穿68
HWM,2025-07-18,190.14,2025-07-22,183.01,7944,-3.75,-56696.52,4,下穿68
BA,2025-07-22,228.48,2025-07-29,226.08,6605,-1.05,-15851.96,7,下穿68
NVDA,2025-06-12,144.98,2025-08-01,173.69,8240,19.81,236613.46,50,下穿68
XYZ,2025-07-22,79.27,2025-08-01,74.03,19038,-6.61,-99759.08,10,下穿68
WDC,2025-07-09,64.48,2025-08-06,73.6,22949,14.14,209241.54,28,下穿68
AMD,2025-07-14,146.24,2025-08-06,163.12,10283,11.54,173576.93,23,下穿68
NRG,2025-08-01,166.68,2025-08-06,147.72,9453,-11.38,-179247.69,5,下穿68
DASH,2025-08-06,258.08,2025-08-08,259.19,5938,0.43,6591.27,2,下穿68
ORLY,2025-08-01,99.12,2025-08-14,101.5,12762,2.4,30373.52,13,下穿68
APP,2025-08-08,455.98,2025-08-14,433.34,3368,-4.97,-76251.57,6,下穿68
LVS,2025-08-06,52.23,2025-08-18,52.31,29341,0.15,2325.73,12,下穿68
GLW,2025-07-29,61.4,2025-08-21,64.29,24728,4.7,71289.39,23,下穿68
ALL,2025-08-06,205.97,2025-08-21,203.54,7441,-1.18,-18038.09,15,下穿68
DHR,2025-08-14,209.56,2025-08-21,203.26,6660,-3.01,-41958.93,7,下穿68
MTD,2025-08-18,1311.32,2025-08-25,1289.78,1153,-1.64,-24835.52,7,下穿68
LOW,2025-08-22,261.27,2025-08-26,255.92,5734,-2.05,-30674.57,4,下穿68
RCL,2025-08-25,340.93,2025-09-08,346.95,4362,1.77,26253.47,14,下穿68
SPG,2025-08-21,167.37,2025-09-18,175.87,8910,5.08,75723.99,28,下穿68
NTAP,2025-08-14,108.56,2025-09-25,119.67,14071,10.24,156429.62,42,下穿68
GE,2025-09-18,295.96,2025-09-26,293.86,5295,-0.71,-11129.71,8,下穿68
IT,2025-09-25,262.4,2025-10-01,251.0,6418,-4.34,-73165.16,6,下穿68
APP,2025-09-08,547.04,2025-10-03,682.76,2766,24.81,375401.61,25,下穿68
STX,2025-08-26,164.29,2025-10-07,224.42,8933,36.6,537154.15,42,下穿68
VRT,2025-10-01,161.49,2025-10-07,158.77,9975,-1.68,-27115.42,6,下穿68
NEM,2025-08-21,69.51,2025-10-09,84.79,21455,21.98,327766.57,49,下穿68
TER,2025-09-26,135.15,2025-10-10,131.93,11513,-2.39,-37143.37,14,下穿68
EXE,2025-10-07,107.9,2025-10-10,100.72,16596,-6.66,-119173.72,3,下穿68
SNDK,2025-10-09,129.68,2025-10-10,116.91,13833,-9.85,-176647.26,1,下穿68
HOOD,2025-10-08,150.87,2025-10-13,140.68,11976,-6.75,-122035.47,5,下穿68
LLY,2025-10-03,837.24,2025-10-14,809.81,2213,-3.28,-60711.08,11,下穿68
DDOG,2025-10-13,164.2,2025-10-16,151.17,10166,-7.94,-132462.97,3,下穿68
CEG,2025-10-14,388.59,2025-10-20,369.08,4254,-5.02,-83001.55,6,下穿68
VRT,2025-10-13,178.89,2025-10-21,174.69,9331,-2.35,-39166.25,8,下穿68
CAT,2025-10-14,524.73,2025-10-22,512.71,3150,-2.29,-37865.37,8,下穿68
LUV,2025-10-21,34.38,2025-10-23,31.38,47413,-8.74,-142422.76,2,下穿68
A,2025-10-16,140.85,2025-10-29,142.94,11050,1.49,23163.59,13,下穿68
TGT,2025-10-23,92.14,2025-10-29,92.01,16146,-0.14,-2052.0,6,下穿68
BG,2025-10-22,94.24,2025-11-03,92.8,17137,-1.53,-24695.76,12,下穿68
SLB,2025-10-29,36.33,2025-11-12,35.58,47404,-2.06,-35535.1,14,下穿68
WBD,2025-10-29,21.34,2025-11-13,22.14,62940,3.75,50351.95,15,下穿68
GS,2025-11-12,830.46,2025-11-13,797.33,2031,-3.99,-67288.16,1,下穿68
SNDK,2025-10-20,148.04,2025-11-18,244.93,10606,65.45,1027615.33,29,下穿68
EIX,2025-11-13,58.22,2025-11-19,56.67,19695,-2.67,-30666.6,6,下穿68
COR,2025-10-10,316.94,2025-12-01,359.5,5277,13.43,224637.74,52,下穿68
LLY,2025-11-03,893.72,2025-12-02,1044.38,1779,16.86,268012.15,29,下穿68
MNST,2025-11-18,72.9,2025-12-03,73.99,25796,1.5,28117.55,15,下穿68
MRK,2025-11-13,91.46,2025-12-04,99.3,20406,8.57,159871.03,21,下穿68
AAPL,2025-12-01,282.84,2025-12-05,278.52,6707,-1.53,-28947.27,4,下穿68
ACN,2025-12-03,272.85,2025-12-05,266.59,6995,-2.29,-43788.77,2,下穿68
TRGP,2025-12-05,179.84,2025-12-16,175.53,10854,-2.4,-46764.65,11,下穿68
GS,2025-12-05,850.09,2025-12-17,867.76,2187,2.08,38659.6,12,下穿68
PCAR,2025-12-02,104.29,2025-12-18,109.81,17817,5.3,98441.94,16,下穿68
EPAM,2025-11-19,180.93,2025-12-24,209.08,10132,15.56,285215.89,35,下穿68
TSLA,2025-12-04,454.53,2025-12-24,485.4,4284,6.79,132247.06,20,下穿68
LULU,2025-12-17,207.87,2025-12-26,208.97,8837,0.53,9720.75,9,下穿68
GS,2025-12-24,906.01,2025-12-29,887.51,2225,-2.04,-41168.34,5,下穿68
HWM,2025-12-24,212.05,2025-12-31,204.9,9508,-3.37,-67943.12,7,下穿68
LLY,2025-12-26,1075.95,2026-01-05,1039.77,1868,-3.36,-67583.66,10,下穿68
BALL,2025-12-17,51.91,2026-01-07,53.37,37887,2.8,55150.22,21,下穿68
GE,2026-01-02,320.28,2026-01-08,313.98,6083,-1.97,-38327.84,6,下穿68
XYZ,2026-01-07,71.47,2026-01-13,67.26,28289,-5.89,-119096.66,6,下穿68
TPR,2026-01-08,133.16,2026-01-15,132.7,14345,-0.34,-6581.07,7,下穿68
SATS,2025-12-29,108.55,2026-01-16,123.27,18216,13.56,268139.4,18,下穿68
EBAY,2026-01-05,90.17,2026-01-20,90.4,21540,0.25,4937.67,15,下穿68
MRNA,2026-01-16,41.83,2026-01-27,45.45,49799,8.65,180272.33,11,下穿68
BA,2025-12-18,208.27,2026-01-28,241.59,9394,16.0,313008.01,41,下穿68
HD,2026-01-13,377.22,2026-01-28,372.81,5044,-1.17,-22246.52,15,下穿68
TPL,2026-01-15,330.56,2026-01-30,347.96,5759,5.26,100206.92,15,下穿68
FIX,2026-01-20,1134.16,2026-02-04,1119.23,1826,-1.32,-27266.07,15,下穿68
VRT,2026-01-28,193.71,2026-02-04,182.52,11039,-5.78,-123607.46,7,下穿68
DE,2026-01-28,525.01,2026-02-25,623.61,4073,18.78,401597.7,28,下穿68
BALL,2026-02-04,64.62,2026-02-25,65.83,29016,1.88,35293.96,21,下穿68
MO,2026-02-04,65.16,2026-03-04,68.12,33513,4.54,99198.45,28,下穿68
FDX,2026-01-30,320.95,2026-03-05,371.84,6410,15.86,326228.47,34,下穿68
TRGP,2026-01-27,194.07,2026-03-06,237.2,10932,22.22,471473.53,38,下穿68
MRNA,2026-02-25,51.37,2026-03-06,52.52,45725,2.24,52583.82,9,下穿68
BRO,2026-03-06,73.5,2026-03-09,71.04,31537,-3.35,-77580.99,3,下穿68
CEG,2026-02-25,325.4,2026-03-10,317.09,6457,-2.55,-53683.07,13,下穿68
COIN,2026-03-04,208.93,2026-03-10,196.52,10927,-5.94,-135603.94,6,下穿68
NOW,2026-03-06,124.34,2026-03-10,116.61,18642,-6.22,-144102.58,4,下穿68
APP,2026-03-09,517.23,2026-03-11,461.45,4457,-10.78,-248611.32,2,下穿68
EBAY,2026-03-05,92.73,2026-03-12,90.0,25551,-2.94,-69754.32,7,下穿68
SBUX,2026-03-10,100.77,2026-03-13,99.15,22081,-1.61,-35771.11,3,下穿68
PANW,2026-03-12,168.12,2026-03-23,164.05,13474,-2.42,-54839.07,11,下穿68
MPC,2026-03-11,226.74,2026-03-26,248.31,9782,9.51,210997.66,15,持仓中
PSX,2026-03-11,169.5,2026-03-26,184.01,13086,8.56,189877.79,15,持仓中
LYB,2026-03-11,67.37,2026-03-26,77.72,30758,15.36,318345.25,15,持仓中
CVX,2026-03-13,196.82,2026-03-26,207.79,11298,5.57,123938.9,13,持仓中
XOM,2026-03-23,161.13,2026-03-26,165.43,13718,2.67,58987.23,3,持仓中
